State,LGA,Election ID,Election Name,Election Date,Ward,Ward Code,Ward ID,Polling Unit,PU Code,PU ID,Polling Unit ID,Result Updated Time,Session,Ballots Issued,Ballots Used,Invalid Votes,Result Info PU,Total Accredited,Total Registered,Valid Votes,Image File,Image URL
KANO,WARAWA,6a35c3e587b1768452f7b027,House of Representatives election - 2026-06-20 - dawakin kudu/warawa,2026-06-19T23:00:00.000Z,J/GALADIMA,8,5f0f3cf28f77bb3acad0a00b,SABUWAR JUMAR GALADIMA II,19/43/08/012,6a35c3f587b1768452f7b156,151214,,,0,0,0,,0,0,0,,
KANO,WARAWA,6a35c3e587b1768452f7b027,House of Representatives election - 2026-06-20 - dawakin kudu/warawa,2026-06-19T23:00:00.000Z,J/GALADIMA,8,5f0f3cf28f77bb3acad0a00b,JUMAR GALADIMA IV,19/43/08/011,6a35c3f587b1768452f7b157,151213,,,0,0,0,,0,0,0,,
KANO,WARAWA,6a35c3e587b1768452f7b027,House of Representatives election - 2026-06-20 - dawakin kudu/warawa,2026-06-19T23:00:00.000Z,J/GALADIMA,8,5f0f3cf28f77bb3acad0a00b,KADAWA II,19/43/08/005,6a35c3f587b1768452f7b154,64709,,,0,0,0,,0,0,0,,
KANO,WARAWA,6a35c3e587b1768452f7b027,House of Representatives election - 2026-06-20 - dawakin kudu/warawa,2026-06-19T23:00:00.000Z,J/GALADIMA,8,5f0f3cf28f77bb3acad0a00b,UNGUWAR MAGAJIYA,19/43/08/008,6a35c3f587b1768452f7b155,64712,,,0,0,0,,0,0,0,,
KANO,WARAWA,6a35c3e587b1768452f7b027,House of Representatives election - 2026-06-20 - dawakin kudu/warawa,2026-06-19T23:00:00.000Z,J/GALADIMA,8,5f0f3cf28f77bb3acad0a00b,JUMAR GALADIMA III,19/43/08/010,6a35c3f587b1768452f7b158,151212,,,0,0,0,,0,0,0,,
KANO,WARAWA,6a35c3e587b1768452f7b027,House of Representatives election - 2026-06-20 - dawakin kudu/warawa,2026-06-19T23:00:00.000Z,J/GALADIMA,8,5f0f3cf28f77bb3acad0a00b,CHANGO,19/43/08/001,6a35c3f587b1768452f7b14d,64705,,,0,0,0,,0,0,0,,
KANO,WARAWA,6a35c3e587b1768452f7b027,House of Representatives election - 2026-06-20 - dawakin kudu/warawa,2026-06-19T23:00:00.000Z,J/GALADIMA,8,5f0f3cf28f77bb3acad0a00b,JUMAR GALADIMA I,19/43/08/002,6a35c3f587b1768452f7b153,64706,,,0,0,0,,0,0,0,,
KANO,WARAWA,6a35c3e587b1768452f7b027,House of Representatives election - 2026-06-20 - dawakin kudu/warawa,2026-06-19T23:00:00.000Z,J/GALADIMA,8,5f0f3cf28f77bb3acad0a00b,KADAWA I,19/43/08/004,6a35c3f587b1768452f7b150,64708,,,0,0,0,,0,0,0,,
KANO,WARAWA,6a35c3e587b1768452f7b027,House of Representatives election - 2026-06-20 - dawakin kudu/warawa,2026-06-19T23:00:00.000Z,J/GALADIMA,8,5f0f3cf28f77bb3acad0a00b,LARABAWA,19/43/08/006,6a35c3f587b1768452f7b14f,64710,,,0,0,0,,0,0,0,,
KANO,WARAWA,6a35c3e587b1768452f7b027,House of Representatives election - 2026-06-20 - dawakin kudu/warawa,2026-06-19T23:00:00.000Z,J/GALADIMA,8,5f0f3cf28f77bb3acad0a00b,SABUWAR JUMAR GALADIMA,19/43/08/007,6a35c3f587b1768452f7b151,64711,,,0,0,0,,0,0,0,,
KANO,WARAWA,6a35c3e587b1768452f7b027,House of Representatives election - 2026-06-20 - dawakin kudu/warawa,2026-06-19T23:00:00.000Z,J/GALADIMA,8,5f0f3cf28f77bb3acad0a00b,YARTOFA,19/43/08/009,6a35c3f587b1768452f7b152,64713,,,0,0,0,,0,0,0,,
KANO,WARAWA,6a35c3e587b1768452f7b027,House of Representatives election - 2026-06-20 - dawakin kudu/warawa,2026-06-19T23:00:00.000Z,J/GALADIMA,8,5f0f3cf28f77bb3acad0a00b,JUMAR GALADIMA II,19/43/08/003,6a35c3f587b1768452f7b14e,64707,,,0,0,0,,0,0,0,,
KANO,WARAWA,6a35c3e587b1768452f7b027,House of Representatives election - 2026-06-20 - dawakin kudu/warawa,2026-06-19T23:00:00.000Z,YAN DALLA,14,5f0f3cf38f77bb3acad0a011,POLICE ACADEMY,19/43/14/003,6a35c3f587b1768452f7b17d,64761,,,0,0,0,,0,0,0,,
KANO,WARAWA,6a35c3e587b1768452f7b027,House of Representatives election - 2026-06-20 - dawakin kudu/warawa,2026-06-19T23:00:00.000Z,YAN DALLA,14,5f0f3cf38f77bb3acad0a011,'YANDALLA II,19/43/14/005,6a35c3f587b1768452f7b180,64763,,,0,0,0,,0,0,0,,
KANO,WARAWA,6a35c3e587b1768452f7b027,House of Representatives election - 2026-06-20 - dawakin kudu/warawa,2026-06-19T23:00:00.000Z,YAN DALLA,14,5f0f3cf38f77bb3acad0a011,GUMAKA,19/43/14/001,6a35c3f587b1768452f7b17e,64759,,,0,0,0,,0,0,0,,
KANO,WARAWA,6a35c3e587b1768452f7b027,House of Representatives election - 2026-06-20 - dawakin kudu/warawa,2026-06-19T23:00:00.000Z,YAN DALLA,14,5f0f3cf38f77bb3acad0a011,'YANDALLA,19/43/14/004,6a35c3f587b1768452f7b17f,64762,,,0,0,0,,0,0,0,,
KANO,WARAWA,6a35c3e587b1768452f7b027,House of Representatives election - 2026-06-20 - dawakin kudu/warawa,2026-06-19T23:00:00.000Z,YAN DALLA,14,5f0f3cf38f77bb3acad0a011,'YAN DALLA III NURUL HUDA ISLAMIYYA,19/43/14/006,6a35c3f587b1768452f7b183,151226,,,0,0,0,,0,0,0,,
KANO,WARAWA,6a35c3e587b1768452f7b027,House of Representatives election - 2026-06-20 - dawakin kudu/warawa,2026-06-19T23:00:00.000Z,YAN DALLA,14,5f0f3cf38f77bb3acad0a011,'YAN DALLA IV ('YAN DALLA PRI SCH.),19/43/14/007,6a35c3f587b1768452f7b182,151227,,,0,0,0,,0,0,0,,
KANO,WARAWA,6a35c3e587b1768452f7b027,House of Representatives election - 2026-06-20 - dawakin kudu/warawa,2026-06-19T23:00:00.000Z,YAN DALLA,14,5f0f3cf38f77bb3acad0a011,'YAN DALLA FULANI ('YAN DALLA FULANI ISLAMIYYA),19/43/14/008,6a35c3f587b1768452f7b181,151228,,,0,0,0,,0,0,0,,
KANO,WARAWA,6a35c3e587b1768452f7b027,House of Representatives election - 2026-06-20 - dawakin kudu/warawa,2026-06-19T23:00:00.000Z,YAN DALLA,14,5f0f3cf38f77bb3acad0a011,KANWA,19/43/14/002,6a35c3f587b1768452f7b17c,64760,,,0,0,0,,0,0,0,,
KANO,WARAWA,6a35c3e587b1768452f7b027,House of Representatives election - 2026-06-20 - dawakin kudu/warawa,2026-06-19T23:00:00.000Z,TANGAR,12,5f0f3cf28f77bb3acad0a00f,MARAYAR ROGO,19/43/12/009,6a35c3f587b1768452f7b178,64747,,,0,0,0,,0,0,0,,
KANO,WARAWA,6a35c3e587b1768452f7b027,House of Representatives election - 2026-06-20 - dawakin kudu/warawa,2026-06-19T23:00:00.000Z,TANGAR,12,5f0f3cf28f77bb3acad0a00f,HAYIN WAZO,19/43/12/006,6a35c3f587b1768452f7b16f,64744,,,0,0,0,,0,0,0,,
KANO,WARAWA,6a35c3e587b1768452f7b027,House of Representatives election - 2026-06-20 - dawakin kudu/warawa,2026-06-19T23:00:00.000Z,TANGAR,12,5f0f3cf28f77bb3acad0a00f,YALMA,19/43/12/014,6a35c3f587b1768452f7b16e,64752,,,0,0,0,,0,0,0,,
KANO,WARAWA,6a35c3e587b1768452f7b027,House of Representatives election - 2026-06-20 - dawakin kudu/warawa,2026-06-19T23:00:00.000Z,TANGAR,12,5f0f3cf28f77bb3acad0a00f,DANTSAWA,19/43/12/004,6a35c3f587b1768452f7b170,64742,,,0,0,0,,0,0,0,,
KANO,WARAWA,6a35c3e587b1768452f7b027,House of Representatives election - 2026-06-20 - dawakin kudu/warawa,2026-06-19T23:00:00.000Z,TANGAR,12,5f0f3cf28f77bb3acad0a00f,TANAGAR III (TANAGAR VETERINARY),19/43/12/015,6a35c3f587b1768452f7b17b,151222,,,0,0,0,,0,0,0,,
KANO,WARAWA,6a35c3e587b1768452f7b027,House of Representatives election - 2026-06-20 - dawakin kudu/warawa,2026-06-19T23:00:00.000Z,TANGAR,12,5f0f3cf28f77bb3acad0a00f,KARGAWA,19/43/12/008,6a35c3f587b1768452f7b17a,64746,,,0,0,0,,0,0,0,,
KANO,WARAWA,6a35c3e587b1768452f7b027,House of Representatives election - 2026-06-20 - dawakin kudu/warawa,2026-06-19T23:00:00.000Z,TANGAR,12,5f0f3cf28f77bb3acad0a00f,DANFARI I,19/43/12/002,6a35c3f587b1768452f7b16d,64740,,,0,0,0,,0,0,0,,
KANO,WARAWA,6a35c3e587b1768452f7b027,House of Representatives election - 2026-06-20 - dawakin kudu/warawa,2026-06-19T23:00:00.000Z,TANGAR,12,5f0f3cf28f77bb3acad0a00f,TANAGAR II,19/43/12/012,6a35c3f587b1768452f7b172,64750,,,0,0,0,,0,0,0,,
KANO,WARAWA,6a35c3e587b1768452f7b027,House of Representatives election - 2026-06-20 - dawakin kudu/warawa,2026-06-19T23:00:00.000Z,TANGAR,12,5f0f3cf28f77bb3acad0a00f,JILAWA,19/43/12/007,6a35c3f587b1768452f7b174,64745,,,0,0,0,,0,0,0,,
KANO,WARAWA,6a35c3e587b1768452f7b027,House of Representatives election - 2026-06-20 - dawakin kudu/warawa,2026-06-19T23:00:00.000Z,TANGAR,12,5f0f3cf28f77bb3acad0a00f,HALADAWA,19/43/12/005,6a35c3f587b1768452f7b179,64743,,,0,0,0,,0,0,0,,
KANO,WARAWA,6a35c3e587b1768452f7b027,House of Representatives election - 2026-06-20 - dawakin kudu/warawa,2026-06-19T23:00:00.000Z,TANGAR,12,5f0f3cf28f77bb3acad0a00f,DANFARI II,19/43/12/003,6a35c3f587b1768452f7b175,64741,,,0,0,0,,0,0,0,,
KANO,WARAWA,6a35c3e587b1768452f7b027,House of Representatives election - 2026-06-20 - dawakin kudu/warawa,2026-06-19T23:00:00.000Z,TANGAR,12,5f0f3cf28f77bb3acad0a00f,WARKAI RUGAR YAMMA,19/43/12/013,6a35c3f587b1768452f7b176,64751,,,0,0,0,,0,0,0,,
KANO,WARAWA,6a35c3e587b1768452f7b027,House of Representatives election - 2026-06-20 - dawakin kudu/warawa,2026-06-19T23:00:00.000Z,TANGAR,12,5f0f3cf28f77bb3acad0a00f,TANAGAR I,19/43/12/011,6a35c3f587b1768452f7b173,64749,,,0,0,0,,0,0,0,,
KANO,WARAWA,6a35c3e587b1768452f7b027,House of Representatives election - 2026-06-20 - dawakin kudu/warawa,2026-06-19T23:00:00.000Z,TANGAR,12,5f0f3cf28f77bb3acad0a00f,RIGAR GABAS,19/43/12/010,6a35c3f587b1768452f7b177,64748,,,0,0,0,,0,0,0,,
KANO,WARAWA,6a35c3e587b1768452f7b027,House of Representatives election - 2026-06-20 - dawakin kudu/warawa,2026-06-19T23:00:00.000Z,TANGAR,12,5f0f3cf28f77bb3acad0a00f,CHARKA,19/43/12/001,6a35c3f587b1768452f7b171,64739,,,0,0,0,,0,0,0,,
KANO,WARAWA,6a35c3e587b1768452f7b027,House of Representatives election - 2026-06-20 - dawakin kudu/warawa,2026-06-19T23:00:00.000Z,JEMAGU,6,5f0f3cf18f77bb3acad0a009,JEMAGU PRIMARY SCHOOL IV,19/43/06/010,6a35c3f587b1768452f7b16a,151208,,,0,0,0,,0,0,0,,
KANO,WARAWA,6a35c3e587b1768452f7b027,House of Representatives election - 2026-06-20 - dawakin kudu/warawa,2026-06-19T23:00:00.000Z,JEMAGU,6,5f0f3cf18f77bb3acad0a009,JEMAGU PRIMARY SCHOOL III,19/43/06/009,6a35c3f587b1768452f7b16c,151207,,,0,0,0,,0,0,0,,
KANO,WARAWA,6a35c3e587b1768452f7b027,House of Representatives election - 2026-06-20 - dawakin kudu/warawa,2026-06-19T23:00:00.000Z,JEMAGU,6,5f0f3cf18f77bb3acad0a009,MAKERA II,19/43/06/007,6a35c3f587b1768452f7b165,64696,,,0,0,0,,0,0,0,,
KANO,WARAWA,6a35c3e587b1768452f7b027,House of Representatives election - 2026-06-20 - dawakin kudu/warawa,2026-06-19T23:00:00.000Z,JEMAGU,6,5f0f3cf18f77bb3acad0a009,MAKERA PRIMARY SCHOOL III,19/43/06/011,6a35c3f587b1768452f7b16b,151209,,,0,0,0,,0,0,0,,
KANO,WARAWA,6a35c3e587b1768452f7b027,House of Representatives election - 2026-06-20 - dawakin kudu/warawa,2026-06-19T23:00:00.000Z,JEMAGU,6,5f0f3cf18f77bb3acad0a009,GANITSURU I,19/43/06/001,6a35c3f587b1768452f7b167,64690,,,0,0,0,,0,0,0,,
KANO,WARAWA,6a35c3e587b1768452f7b027,House of Representatives election - 2026-06-20 - dawakin kudu/warawa,2026-06-19T23:00:00.000Z,JEMAGU,6,5f0f3cf18f77bb3acad0a009,MAKERA I,19/43/06/006,6a35c3f587b1768452f7b162,64695,,,0,0,0,,0,0,0,,
KANO,WARAWA,6a35c3e587b1768452f7b027,House of Representatives election - 2026-06-20 - dawakin kudu/warawa,2026-06-19T23:00:00.000Z,JEMAGU,6,5f0f3cf18f77bb3acad0a009,JEMAGU I,19/43/06/003,6a35c3f587b1768452f7b168,64692,,,0,0,0,,0,0,0,,
KANO,WARAWA,6a35c3e587b1768452f7b027,House of Representatives election - 2026-06-20 - dawakin kudu/warawa,2026-06-19T23:00:00.000Z,JEMAGU,6,5f0f3cf18f77bb3acad0a009,MABOYI,19/43/06/005,6a35c3f587b1768452f7b169,64694,,,0,0,0,,0,0,0,,
KANO,WARAWA,6a35c3e587b1768452f7b027,House of Representatives election - 2026-06-20 - dawakin kudu/warawa,2026-06-19T23:00:00.000Z,JEMAGU,6,5f0f3cf18f77bb3acad0a009,JEMAGU II,19/43/06/004,6a35c3f587b1768452f7b163,64693,,,0,0,0,,0,0,0,,
KANO,WARAWA,6a35c3e587b1768452f7b027,House of Representatives election - 2026-06-20 - dawakin kudu/warawa,2026-06-19T23:00:00.000Z,JEMAGU,6,5f0f3cf18f77bb3acad0a009,YANLANYA,19/43/06/008,6a35c3f587b1768452f7b164,64697,,,0,0,0,,0,0,0,,
KANO,WARAWA,6a35c3e587b1768452f7b027,House of Representatives election - 2026-06-20 - dawakin kudu/warawa,2026-06-19T23:00:00.000Z,JEMAGU,6,5f0f3cf18f77bb3acad0a009,GANITSURU II,19/43/06/002,6a35c3f587b1768452f7b166,64691,,,0,0,0,,0,0,0,,
KANO,WARAWA,6a35c3e587b1768452f7b027,House of Representatives election - 2026-06-20 - dawakin kudu/warawa,2026-06-19T23:00:00.000Z,GOGEL,4,5f0f3cf18f77bb3acad0a007,GOGEL I,19/43/04/002,6a35c3f587b1768452f7b1c1,64679,,,0,0,0,,0,0,0,,
KANO,WARAWA,6a35c3e587b1768452f7b027,House of Representatives election - 2026-06-20 - dawakin kudu/warawa,2026-06-19T23:00:00.000Z,GOGEL,4,5f0f3cf18f77bb3acad0a007,DAKATSALLE,19/43/04/001,6a35c3f587b1768452f7b1c0,64678,,,0,0,0,,0,0,0,,
KANO,WARAWA,6a35c3e587b1768452f7b027,House of Representatives election - 2026-06-20 - dawakin kudu/warawa,2026-06-19T23:00:00.000Z,GOGEL,4,5f0f3cf18f77bb3acad0a007,GOGEL III,19/43/04/004,6a35c3f587b1768452f7b1c2,64681,,,0,0,0,,0,0,0,,
KANO,WARAWA,6a35c3e587b1768452f7b027,House of Representatives election - 2026-06-20 - dawakin kudu/warawa,2026-06-19T23:00:00.000Z,GOGEL,4,5f0f3cf18f77bb3acad0a007,GOGEL II,19/43/04/003,6a35c3f587b1768452f7b1c3,64680,,,0,0,0,,0,0,0,,
KANO,WARAWA,6a35c3e587b1768452f7b027,House of Representatives election - 2026-06-20 - dawakin kudu/warawa,2026-06-19T23:00:00.000Z,GOGEL,4,5f0f3cf18f77bb3acad0a007,GOGEL VETERINARY,19/43/04/007,6a35c3f587b1768452f7b1c4,151203,,,0,0,0,,0,0,0,,
KANO,WARAWA,6a35c3e587b1768452f7b027,House of Representatives election - 2026-06-20 - dawakin kudu/warawa,2026-06-19T23:00:00.000Z,GOGEL,4,5f0f3cf18f77bb3acad0a007,YAMATAWA,19/43/04/006,6a35c3f587b1768452f7b1be,64683,,,0,0,0,,0,0,0,,
KANO,WARAWA,6a35c3e587b1768452f7b027,House of Representatives election - 2026-06-20 - dawakin kudu/warawa,2026-06-19T23:00:00.000Z,GOGEL,4,5f0f3cf18f77bb3acad0a007,KARABE,19/43/04/005,6a35c3f587b1768452f7b1bf,64682,,,0,0,0,,0,0,0,,
KANO,WARAWA,6a35c3e587b1768452f7b027,House of Representatives election - 2026-06-20 - dawakin kudu/warawa,2026-06-19T23:00:00.000Z,GARIN DAU,3,5f0f3cf18f77bb3acad0a006,BARNAWA,19/43/03/001,6a35c3f587b1768452f7b0f6,64670,,,0,0,0,,0,0,0,,
KANO,WARAWA,6a35c3e587b1768452f7b027,House of Representatives election - 2026-06-20 - dawakin kudu/warawa,2026-06-19T23:00:00.000Z,GARIN DAU,3,5f0f3cf18f77bb3acad0a006,ZANGO PRIMARY SCHOOL,19/43/03/009,6a35c3f587b1768452f7b0fd,151202,,,0,0,0,,0,0,0,,
KANO,WARAWA,6a35c3e587b1768452f7b027,House of Representatives election - 2026-06-20 - dawakin kudu/warawa,2026-06-19T23:00:00.000Z,GARIN DAU,3,5f0f3cf18f77bb3acad0a006,KWARI,19/43/03/006,6a35c3f587b1768452f7b0fc,64675,,,0,0,0,,0,0,0,,
KANO,WARAWA,6a35c3e587b1768452f7b027,House of Representatives election - 2026-06-20 - dawakin kudu/warawa,2026-06-19T23:00:00.000Z,GARIN DAU,3,5f0f3cf18f77bb3acad0a006,MADA/LANDA,19/43/03/007,6a35c3f587b1768452f7b0f7,64676,,,0,0,0,,0,0,0,,
KANO,WARAWA,6a35c3e587b1768452f7b027,House of Representatives election - 2026-06-20 - dawakin kudu/warawa,2026-06-19T23:00:00.000Z,GARIN DAU,3,5f0f3cf18f77bb3acad0a006,GARUNDAU I,19/43/03/002,6a35c3f587b1768452f7b0fb,64671,,,0,0,0,,0,0,0,,
KANO,WARAWA,6a35c3e587b1768452f7b027,House of Representatives election - 2026-06-20 - dawakin kudu/warawa,2026-06-19T23:00:00.000Z,GARIN DAU,3,5f0f3cf18f77bb3acad0a006,GIDAN SARKI,19/43/03/004,6a35c3f587b1768452f7b0f5,64673,,,0,0,0,,0,0,0,,
KANO,WARAWA,6a35c3e587b1768452f7b027,House of Representatives election - 2026-06-20 - dawakin kudu/warawa,2026-06-19T23:00:00.000Z,GARIN DAU,3,5f0f3cf18f77bb3acad0a006,WANBATO,19/43/03/008,6a35c3f587b1768452f7b0fa,64677,,,0,0,0,,0,0,0,,
KANO,WARAWA,6a35c3e587b1768452f7b027,House of Representatives election - 2026-06-20 - dawakin kudu/warawa,2026-06-19T23:00:00.000Z,GARIN DAU,3,5f0f3cf18f77bb3acad0a006,GARUNDAU II,19/43/03/003,6a35c3f587b1768452f7b0f8,64672,,,0,0,0,,0,0,0,,
KANO,WARAWA,6a35c3e587b1768452f7b027,House of Representatives election - 2026-06-20 - dawakin kudu/warawa,2026-06-19T23:00:00.000Z,GARIN DAU,3,5f0f3cf18f77bb3acad0a006,GIDAN TUKU,19/43/03/005,6a35c3f587b1768452f7b0f9,64674,,,0,0,0,,0,0,0,,
KANO,WARAWA,6a35c3e587b1768452f7b027,House of Representatives election - 2026-06-20 - dawakin kudu/warawa,2026-06-19T23:00:00.000Z,JIGAWA,7,5f0f3cf28f77bb3acad0a00a,MAJAWA,19/43/07/005,6a35c3f587b1768452f7b159,64702,,,0,0,0,,0,0,0,,
KANO,WARAWA,6a35c3e587b1768452f7b027,House of Representatives election - 2026-06-20 - dawakin kudu/warawa,2026-06-19T23:00:00.000Z,JIGAWA,7,5f0f3cf28f77bb3acad0a00a,AMANA CITY ISLAMIYYA,19/43/07/008,6a35c3f587b1768452f7b161,151210,,,0,0,0,,0,0,0,,
KANO,WARAWA,6a35c3e587b1768452f7b027,House of Representatives election - 2026-06-20 - dawakin kudu/warawa,2026-06-19T23:00:00.000Z,JIGAWA,7,5f0f3cf28f77bb3acad0a00a,LITAU/GANJIKAR,19/43/07/004,6a35c3f587b1768452f7b15f,64701,,,0,0,0,,0,0,0,,
KANO,WARAWA,6a35c3e587b1768452f7b027,House of Representatives election - 2026-06-20 - dawakin kudu/warawa,2026-06-19T23:00:00.000Z,JIGAWA,7,5f0f3cf28f77bb3acad0a00a,JIGAWA II,19/43/07/003,6a35c3f587b1768452f7b15a,64700,,,0,0,0,,0,0,0,,
KANO,WARAWA,6a35c3e587b1768452f7b027,House of Representatives election - 2026-06-20 - dawakin kudu/warawa,2026-06-19T23:00:00.000Z,JIGAWA,7,5f0f3cf28f77bb3acad0a00a,TOKEN,19/43/07/007,6a35c3f587b1768452f7b15e,64704,,,0,0,0,,0,0,0,,
KANO,WARAWA,6a35c3e587b1768452f7b027,House of Representatives election - 2026-06-20 - dawakin kudu/warawa,2026-06-19T23:00:00.000Z,JIGAWA,7,5f0f3cf28f77bb3acad0a00a,MARAYA NAIRA,19/43/07/006,6a35c3f587b1768452f7b15b,64703,,,0,0,0,,0,0,0,,
KANO,WARAWA,6a35c3e587b1768452f7b027,House of Representatives election - 2026-06-20 - dawakin kudu/warawa,2026-06-19T23:00:00.000Z,JIGAWA,7,5f0f3cf28f77bb3acad0a00a,LARABAR GADAR SARKI ISLAMIYYA,19/43/07/009,6a35c3f587b1768452f7b160,151211,,,0,0,0,,0,0,0,,
KANO,WARAWA,6a35c3e587b1768452f7b027,House of Representatives election - 2026-06-20 - dawakin kudu/warawa,2026-06-19T23:00:00.000Z,JIGAWA,7,5f0f3cf28f77bb3acad0a00a,GADDIMA,19/43/07/001,6a35c3f587b1768452f7b15d,64698,,,0,0,0,,0,0,0,,
KANO,WARAWA,6a35c3e587b1768452f7b027,House of Representatives election - 2026-06-20 - dawakin kudu/warawa,2026-06-19T23:00:00.000Z,JIGAWA,7,5f0f3cf28f77bb3acad0a00a,JIGAWA I,19/43/07/002,6a35c3f587b1768452f7b15c,64699,,,0,0,0,,0,0,0,,
KANO,WARAWA,6a35c3e587b1768452f7b027,House of Representatives election - 2026-06-20 - dawakin kudu/warawa,2026-06-19T23:00:00.000Z,WARAWA,13,5f0f3cf28f77bb3acad0a010,JALAWA I,19/43/13/003,6a35c3f487b1768452f7b09c,64755,,,0,0,0,,0,0,0,,
KANO,WARAWA,6a35c3e587b1768452f7b027,House of Representatives election - 2026-06-20 - dawakin kudu/warawa,2026-06-19T23:00:00.000Z,WARAWA,13,5f0f3cf28f77bb3acad0a010,JALAWA II,19/43/13/004,6a35c3f487b1768452f7b09a,64756,,,0,0,0,,0,0,0,,
KANO,WARAWA,6a35c3e587b1768452f7b027,House of Representatives election - 2026-06-20 - dawakin kudu/warawa,2026-06-19T23:00:00.000Z,WARAWA,13,5f0f3cf28f77bb3acad0a010,WARAWA IV (WARAWA PRIMARY SCHOOL),19/43/13/009,6a35c3f487b1768452f7b09e,151225,,,0,0,0,,0,0,0,,
KANO,WARAWA,6a35c3e587b1768452f7b027,House of Representatives election - 2026-06-20 - dawakin kudu/warawa,2026-06-19T23:00:00.000Z,WARAWA,13,5f0f3cf28f77bb3acad0a010,WARAWA III (WARAWA PRIMARY SCHOOL),19/43/13/008,6a35c3f487b1768452f7b0a0,151224,,,0,0,0,,0,0,0,,
KANO,WARAWA,6a35c3e587b1768452f7b027,House of Representatives election - 2026-06-20 - dawakin kudu/warawa,2026-06-19T23:00:00.000Z,WARAWA,13,5f0f3cf28f77bb3acad0a010,JALAWA III (JALAWA ISLAMIYYA),19/43/13/007,6a35c3f487b1768452f7b09f,151223,,,0,0,0,,0,0,0,,
KANO,WARAWA,6a35c3e587b1768452f7b027,House of Representatives election - 2026-06-20 - dawakin kudu/warawa,2026-06-19T23:00:00.000Z,WARAWA,13,5f0f3cf28f77bb3acad0a010,DUSHE I,19/43/13/001,6a35c3f487b1768452f7b098,64753,,,0,0,0,,0,0,0,,
KANO,WARAWA,6a35c3e587b1768452f7b027,House of Representatives election - 2026-06-20 - dawakin kudu/warawa,2026-06-19T23:00:00.000Z,WARAWA,13,5f0f3cf28f77bb3acad0a010,DUSHE II,19/43/13/002,6a35c3f487b1768452f7b09b,64754,,,0,0,0,,0,0,0,,
KANO,WARAWA,6a35c3e587b1768452f7b027,House of Representatives election - 2026-06-20 - dawakin kudu/warawa,2026-06-19T23:00:00.000Z,WARAWA,13,5f0f3cf28f77bb3acad0a010,WARAWA II,19/43/13/006,6a35c3f487b1768452f7b09d,64758,,,0,0,0,,0,0,0,,
KANO,WARAWA,6a35c3e587b1768452f7b027,House of Representatives election - 2026-06-20 - dawakin kudu/warawa,2026-06-19T23:00:00.000Z,WARAWA,13,5f0f3cf28f77bb3acad0a010,WARAWA I,19/43/13/005,6a35c3f487b1768452f7b099,64757,,,0,0,0,,0,0,0,,
KANO,WARAWA,6a35c3e587b1768452f7b027,House of Representatives election - 2026-06-20 - dawakin kudu/warawa,2026-06-19T23:00:00.000Z,DANLASAN,2,5f0f3cf18f77bb3acad0a005,RIMIN MAYU,19/43/02/004,6a35c3f587b1768452f7b1c5,64668,,,0,0,0,,0,0,0,,
KANO,WARAWA,6a35c3e587b1768452f7b027,House of Representatives election - 2026-06-20 - dawakin kudu/warawa,2026-06-19T23:00:00.000Z,DANLASAN,2,5f0f3cf18f77bb3acad0a005,IYATAWAR KANAWA,19/43/02/003,6a35c3f587b1768452f7b1c7,64667,,,0,0,0,,0,0,0,,
KANO,WARAWA,6a35c3e587b1768452f7b027,House of Representatives election - 2026-06-20 - dawakin kudu/warawa,2026-06-19T23:00:00.000Z,DANLASAN,2,5f0f3cf18f77bb3acad0a005,YAN GURJI,19/43/02/005,6a35c3f587b1768452f7b1c9,64669,,,0,0,0,,0,0,0,,
KANO,WARAWA,6a35c3e587b1768452f7b027,House of Representatives election - 2026-06-20 - dawakin kudu/warawa,2026-06-19T23:00:00.000Z,DANLASAN,2,5f0f3cf18f77bb3acad0a005,DANLASAN II,19/43/02/002,6a35c3f587b1768452f7b1c6,64666,,,0,0,0,,0,0,0,,
KANO,WARAWA,6a35c3e587b1768452f7b027,House of Representatives election - 2026-06-20 - dawakin kudu/warawa,2026-06-19T23:00:00.000Z,DANLASAN,2,5f0f3cf18f77bb3acad0a005,DANLASSAN IV,19/43/02/007,6a35c3f587b1768452f7b1ca,151201,,,0,0,0,,0,0,0,,
KANO,WARAWA,6a35c3e587b1768452f7b027,House of Representatives election - 2026-06-20 - dawakin kudu/warawa,2026-06-19T23:00:00.000Z,DANLASAN,2,5f0f3cf18f77bb3acad0a005,DANLASSAN III,19/43/02/006,6a35c3f587b1768452f7b1cb,151200,,,0,0,0,,0,0,0,,
KANO,WARAWA,6a35c3e587b1768452f7b027,House of Representatives election - 2026-06-20 - dawakin kudu/warawa,2026-06-19T23:00:00.000Z,DANLASAN,2,5f0f3cf18f77bb3acad0a005,DANLASAN I,19/43/02/001,6a35c3f587b1768452f7b1c8,64665,,,0,0,0,,0,0,0,,
KANO,WARAWA,6a35c3e587b1768452f7b027,House of Representatives election - 2026-06-20 - dawakin kudu/warawa,2026-06-19T23:00:00.000Z,KATARKAWA,9,5f0f3cf28f77bb3acad0a00c,NAIRA,19/43/09/006,6a35c3f587b1768452f7b214,64719,,,0,0,0,,0,0,0,,
KANO,WARAWA,6a35c3e587b1768452f7b027,House of Representatives election - 2026-06-20 - dawakin kudu/warawa,2026-06-19T23:00:00.000Z,KATARKAWA,9,5f0f3cf28f77bb3acad0a00c,KATARKAWA GARI (NURUL HUDA ISLAMIYYA KATARKAWA),19/43/09/010,6a35c3f587b1768452f7b218,151216,,,0,0,0,,0,0,0,,
KANO,WARAWA,6a35c3e587b1768452f7b027,House of Representatives election - 2026-06-20 - dawakin kudu/warawa,2026-06-19T23:00:00.000Z,KATARKAWA,9,5f0f3cf28f77bb3acad0a00c,KATARKAWA,19/43/09/004,6a35c3f587b1768452f7b210,64717,,,0,0,0,,0,0,0,,
KANO,WARAWA,6a35c3e587b1768452f7b027,House of Representatives election - 2026-06-20 - dawakin kudu/warawa,2026-06-19T23:00:00.000Z,KATARKAWA,9,5f0f3cf28f77bb3acad0a00c,GISHIRI WUYA II,19/43/09/003,6a35c3f587b1768452f7b217,64716,,,0,0,0,,0,0,0,,
KANO,WARAWA,6a35c3e587b1768452f7b027,House of Representatives election - 2026-06-20 - dawakin kudu/warawa,2026-06-19T23:00:00.000Z,KATARKAWA,9,5f0f3cf28f77bb3acad0a00c,DANHAWAGIWA,19/43/09/001,6a35c3f587b1768452f7b213,64714,,,0,0,0,,0,0,0,,
KANO,WARAWA,6a35c3e587b1768452f7b027,House of Representatives election - 2026-06-20 - dawakin kudu/warawa,2026-06-19T23:00:00.000Z,KATARKAWA,9,5f0f3cf28f77bb3acad0a00c,KINCHAU II (KINCHAU PRIMARY SCHOOL),19/43/09/011,6a35c3f587b1768452f7b21a,151217,,,0,0,0,,0,0,0,,
KANO,WARAWA,6a35c3e587b1768452f7b027,House of Representatives election - 2026-06-20 - dawakin kudu/warawa,2026-06-19T23:00:00.000Z,KATARKAWA,9,5f0f3cf28f77bb3acad0a00c,GISHIRI WUYA I,19/43/09/002,6a35c3f587b1768452f7b215,64715,,,0,0,0,,0,0,0,,
KANO,WARAWA,6a35c3e587b1768452f7b027,House of Representatives election - 2026-06-20 - dawakin kudu/warawa,2026-06-19T23:00:00.000Z,KATARKAWA,9,5f0f3cf28f77bb3acad0a00c,DANHAWAN GIWA II (KATARKAWA PRIMARY SCHOOL),19/43/09/009,6a35c3f587b1768452f7b219,151215,,,0,0,0,,0,0,0,,
KANO,WARAWA,6a35c3e587b1768452f7b027,House of Representatives election - 2026-06-20 - dawakin kudu/warawa,2026-06-19T23:00:00.000Z,KATARKAWA,9,5f0f3cf28f77bb3acad0a00c,KINCHAU,19/43/09/005,6a35c3f587b1768452f7b212,64718,,,0,0,0,,0,0,0,,
KANO,WARAWA,6a35c3e587b1768452f7b027,House of Representatives election - 2026-06-20 - dawakin kudu/warawa,2026-06-19T23:00:00.000Z,KATARKAWA,9,5f0f3cf28f77bb3acad0a00c,WALAGIGI,19/43/09/008,6a35c3f587b1768452f7b216,64721,,,0,0,0,,0,0,0,,
KANO,WARAWA,6a35c3e587b1768452f7b027,House of Representatives election - 2026-06-20 - dawakin kudu/warawa,2026-06-19T23:00:00.000Z,KATARKAWA,9,5f0f3cf28f77bb3acad0a00c,TURBA,19/43/09/007,6a35c3f587b1768452f7b211,64720,,,0,0,0,,0,0,0,,
KANO,WARAWA,6a35c3e587b1768452f7b027,House of Representatives election - 2026-06-20 - dawakin kudu/warawa,2026-06-19T23:00:00.000Z,YANGIZO,15,5f0f3cf38f77bb3acad0a012,BUROMAWA,19/43/15/002,6a35c3f587b1768452f7b1fc,64765,,,0,0,0,,0,0,0,,
KANO,WARAWA,6a35c3e587b1768452f7b027,House of Representatives election - 2026-06-20 - dawakin kudu/warawa,2026-06-19T23:00:00.000Z,YANGIZO,15,5f0f3cf38f77bb3acad0a012,GIWARAN ALITINI II,19/43/15/004,6a35c3f587b1768452f7b1fb,64767,,,0,0,0,,0,0,0,,
KANO,WARAWA,6a35c3e587b1768452f7b027,House of Representatives election - 2026-06-20 - dawakin kudu/warawa,2026-06-19T23:00:00.000Z,YANGIZO,15,5f0f3cf38f77bb3acad0a012,'YANGIZO I,19/43/15/007,6a35c3f587b1768452f7b1f8,64770,,,0,0,0,,0,0,0,,
KANO,WARAWA,6a35c3e587b1768452f7b027,House of Representatives election - 2026-06-20 - dawakin kudu/warawa,2026-06-19T23:00:00.000Z,YANGIZO,15,5f0f3cf38f77bb3acad0a012,GIWARAN BAGINAWA (GIWARAN BAGINAWA PRIMARY SCHOOL),19/43/15/010,6a35c3f587b1768452f7b201,151229,,,0,0,0,,0,0,0,,
KANO,WARAWA,6a35c3e587b1768452f7b027,House of Representatives election - 2026-06-20 - dawakin kudu/warawa,2026-06-19T23:00:00.000Z,YANGIZO,15,5f0f3cf38f77bb3acad0a012,ALIMAWA,19/43/15/001,6a35c3f587b1768452f7b1fd,64764,,,0,0,0,,0,0,0,,
KANO,WARAWA,6a35c3e587b1768452f7b027,House of Representatives election - 2026-06-20 - dawakin kudu/warawa,2026-06-19T23:00:00.000Z,YANGIZO,15,5f0f3cf38f77bb3acad0a012,GIWARAN JIJIYAWA II,19/43/15/006,6a35c3f587b1768452f7b200,64769,,,0,0,0,,0,0,0,,
KANO,WARAWA,6a35c3e587b1768452f7b027,House of Representatives election - 2026-06-20 - dawakin kudu/warawa,2026-06-19T23:00:00.000Z,YANGIZO,15,5f0f3cf38f77bb3acad0a012,GIWARAN JIJIYAWA I,19/43/15/005,6a35c3f587b1768452f7b1ff,64768,,,0,0,0,,0,0,0,,
KANO,WARAWA,6a35c3e587b1768452f7b027,House of Representatives election - 2026-06-20 - dawakin kudu/warawa,2026-06-19T23:00:00.000Z,YANGIZO,15,5f0f3cf38f77bb3acad0a012,'YANGIZO II,19/43/15/008,6a35c3f587b1768452f7b1f9,64771,,,0,0,0,,0,0,0,,
KANO,WARAWA,6a35c3e587b1768452f7b027,House of Representatives election - 2026-06-20 - dawakin kudu/warawa,2026-06-19T23:00:00.000Z,YANGIZO,15,5f0f3cf38f77bb3acad0a012,'YANGIZO III,19/43/15/009,6a35c3f587b1768452f7b1fa,64772,,,0,0,0,,0,0,0,,
KANO,WARAWA,6a35c3e587b1768452f7b027,House of Representatives election - 2026-06-20 - dawakin kudu/warawa,2026-06-19T23:00:00.000Z,YANGIZO,15,5f0f3cf38f77bb3acad0a012,GIWARAN ALITINI I,19/43/15/003,6a35c3f587b1768452f7b1fe,64766,,,0,0,0,,0,0,0,,
KANO,WARAWA,6a35c3e587b1768452f7b027,House of Representatives election - 2026-06-20 - dawakin kudu/warawa,2026-06-19T23:00:00.000Z,MADARI MATA,10,5f0f3cf28f77bb3acad0a00d,MADARIN MATA IV (MADARIN MATA PRIMARY SCHOOL),19/43/10/009,6a35c3f587b1768452f7b1d5,151218,,,0,0,0,,0,0,0,,
KANO,WARAWA,6a35c3e587b1768452f7b027,House of Representatives election - 2026-06-20 - dawakin kudu/warawa,2026-06-19T23:00:00.000Z,MADARI MATA,10,5f0f3cf28f77bb3acad0a00d,GANAKAKUN II,19/43/10/002,6a35c3f587b1768452f7b1ce,64723,,,0,0,0,,0,0,0,,
KANO,WARAWA,6a35c3e587b1768452f7b027,House of Representatives election - 2026-06-20 - dawakin kudu/warawa,2026-06-19T23:00:00.000Z,MADARI MATA,10,5f0f3cf28f77bb3acad0a00d,MADARIN MABA III,19/43/10/005,6a35c3f587b1768452f7b1d2,64726,,,0,0,0,,0,0,0,,
KANO,WARAWA,6a35c3e587b1768452f7b027,House of Representatives election - 2026-06-20 - dawakin kudu/warawa,2026-06-19T23:00:00.000Z,MADARI MATA,10,5f0f3cf28f77bb3acad0a00d,MADARIN MABA I,19/43/10/003,6a35c3f587b1768452f7b1d3,64724,,,0,0,0,,0,0,0,,
KANO,WARAWA,6a35c3e587b1768452f7b027,House of Representatives election - 2026-06-20 - dawakin kudu/warawa,2026-06-19T23:00:00.000Z,MADARI MATA,10,5f0f3cf28f77bb3acad0a00d,GANAKAKUN I,19/43/10/001,6a35c3f587b1768452f7b1cf,64722,,,0,0,0,,0,0,0,,
KANO,WARAWA,6a35c3e587b1768452f7b027,House of Representatives election - 2026-06-20 - dawakin kudu/warawa,2026-06-19T23:00:00.000Z,MADARI MATA,10,5f0f3cf28f77bb3acad0a00d,MARAYAR WUTA,19/43/10/006,6a35c3f587b1768452f7b1cd,64727,,,0,0,0,,0,0,0,,
KANO,WARAWA,6a35c3e587b1768452f7b027,House of Representatives election - 2026-06-20 - dawakin kudu/warawa,2026-06-19T23:00:00.000Z,MADARI MATA,10,5f0f3cf28f77bb3acad0a00d,TALAWA,19/43/10/008,6a35c3f587b1768452f7b1d1,64729,,,0,0,0,,0,0,0,,
KANO,WARAWA,6a35c3e587b1768452f7b027,House of Representatives election - 2026-06-20 - dawakin kudu/warawa,2026-06-19T23:00:00.000Z,MADARI MATA,10,5f0f3cf28f77bb3acad0a00d,MADARIN MABA II,19/43/10/004,6a35c3f587b1768452f7b1d0,64725,,,0,0,0,,0,0,0,,
KANO,WARAWA,6a35c3e587b1768452f7b027,House of Representatives election - 2026-06-20 - dawakin kudu/warawa,2026-06-19T23:00:00.000Z,MADARI MATA,10,5f0f3cf28f77bb3acad0a00d,MADARIN MATA V (MADARIN MATA PRIMARY SCHOOL),19/43/10/010,6a35c3f587b1768452f7b1d4,151219,,,0,0,0,,0,0,0,,
KANO,WARAWA,6a35c3e587b1768452f7b027,House of Representatives election - 2026-06-20 - dawakin kudu/warawa,2026-06-19T23:00:00.000Z,MADARI MATA,10,5f0f3cf28f77bb3acad0a00d,SABON GARIN NASARA,19/43/10/007,6a35c3f587b1768452f7b1cc,64728,,,0,0,0,,0,0,0,,
KANO,WARAWA,6a35c3e587b1768452f7b027,House of Representatives election - 2026-06-20 - dawakin kudu/warawa,2026-06-19T23:00:00.000Z,IMAWA,5,5f0f3cf18f77bb3acad0a008,IMAWA,19/43/05/003,6a35c3f587b1768452f7b208,64686,,,0,0,0,,0,0,0,,
KANO,WARAWA,6a35c3e587b1768452f7b027,House of Representatives election - 2026-06-20 - dawakin kudu/warawa,2026-06-19T23:00:00.000Z,IMAWA,5,5f0f3cf18f77bb3acad0a008,GIDAN DALADA,19/43/05/002,6a35c3f587b1768452f7b20c,64685,,,0,0,0,,0,0,0,,
KANO,WARAWA,6a35c3e587b1768452f7b027,House of Representatives election - 2026-06-20 - dawakin kudu/warawa,2026-06-19T23:00:00.000Z,IMAWA,5,5f0f3cf18f77bb3acad0a008,KANTA ISLAMIYYA,19/43/05/009,6a35c3f587b1768452f7b20d,151206,,,0,0,0,,0,0,0,,
KANO,WARAWA,6a35c3e587b1768452f7b027,House of Representatives election - 2026-06-20 - dawakin kudu/warawa,2026-06-19T23:00:00.000Z,IMAWA,5,5f0f3cf18f77bb3acad0a008,IMAWA II,19/43/05/007,6a35c3f587b1768452f7b20f,151204,,,0,0,0,,0,0,0,,
KANO,WARAWA,6a35c3e587b1768452f7b027,House of Representatives election - 2026-06-20 - dawakin kudu/warawa,2026-06-19T23:00:00.000Z,IMAWA,5,5f0f3cf18f77bb3acad0a008,FAGOJI,19/43/05/001,6a35c3f587b1768452f7b20a,64684,,,0,0,0,,0,0,0,,
KANO,WARAWA,6a35c3e587b1768452f7b027,House of Representatives election - 2026-06-20 - dawakin kudu/warawa,2026-06-19T23:00:00.000Z,IMAWA,5,5f0f3cf18f77bb3acad0a008,WANGARA,19/43/05/006,6a35c3f587b1768452f7b207,64689,,,0,0,0,,0,0,0,,
KANO,WARAWA,6a35c3e587b1768452f7b027,House of Representatives election - 2026-06-20 - dawakin kudu/warawa,2026-06-19T23:00:00.000Z,IMAWA,5,5f0f3cf18f77bb3acad0a008,IMAWA III,19/43/05/008,6a35c3f587b1768452f7b20e,151205,,,0,0,0,,0,0,0,,
KANO,WARAWA,6a35c3e587b1768452f7b027,House of Representatives election - 2026-06-20 - dawakin kudu/warawa,2026-06-19T23:00:00.000Z,IMAWA,5,5f0f3cf18f77bb3acad0a008,KANTA,19/43/05/004,6a35c3f587b1768452f7b20b,64687,,,0,0,0,,0,0,0,,
KANO,WARAWA,6a35c3e587b1768452f7b027,House of Representatives election - 2026-06-20 - dawakin kudu/warawa,2026-06-19T23:00:00.000Z,IMAWA,5,5f0f3cf18f77bb3acad0a008,MAHAKA,19/43/05/005,6a35c3f587b1768452f7b209,64688,,,0,0,0,,0,0,0,,
