State,LGA,Election ID,Election Name,Election Date,Ward,Ward Code,Ward ID,Polling Unit,PU Code,PU ID,Polling Unit ID,Result Updated Time,Session,Ballots Issued,Ballots Used,Invalid Votes,Result Info PU,Total Accredited,Total Registered,Valid Votes,Image File,Image URL,A,AA,AAC,ADC,ADP,APC,APGA,APM,APP,BP,DLA,LP,NDC,NDP,NNPP,NRM,PDP,PRP,SDP,YP,YPP,ZLP
Kebbi,ZURU,6a35d6ee52574004bac51620,House of Assemby election - 2026-06-20 - ZURU,2026-06-19T23:00:00.000Z,BEDI,01,5f0f3d4b8f77bb3acad0a25d,BEDI FADA 'A',21/21/01/001,6a35d6f352574004bac51708,72741,,1781968281058,0,0,0,,0,0,0,,https://inc-s3-cache.incportals.com/cached/express/results/2990/22/468/5317/72045/27d41383-cff0-410c-a5fe-098195598695.jpg,0,0,0,0,0,0,0,0,0,0,0,0,0,0,0,0,0,0,0,0,0,0
Kebbi,ZURU,6a35d6ee52574004bac51620,House of Assemby election - 2026-06-20 - ZURU,2026-06-19T23:00:00.000Z,BEDI,01,5f0f3d4b8f77bb3acad0a25d,UNG. PANSI UBANDAWAKI,21/21/01/002,6a35d6f352574004bac51704,72742,1781968316511.0,1781968315824,635,54,0,6a36adbc52b6362accb5caac,54,635,54,,https://inc-s3-cache.incportals.com/cached/express/results/2990/22/468/5317/72046/a2f6bb12-9341-4e28-a25f-2298352fe2a9.jpg,0,0,0,0,0,54,0,0,0,0,0,0,0,0,0,0,0,0,0,0,0,0
Kebbi,ZURU,6a35d6ee52574004bac51620,House of Assemby election - 2026-06-20 - ZURU,2026-06-19T23:00:00.000Z,BEDI,01,5f0f3d4b8f77bb3acad0a25d,UNG. JOJI,21/21/01/003,6a35d6f352574004bac51705,72743,,1781968252886,0,0,0,,0,0,0,,https://inc-s3-cache.incportals.com/cached/express/results/2990/22/468/5317/72047/4fa27562-7198-4dd9-b6d9-779812c305fb.jpg,0,0,0,0,0,0,0,0,0,0,0,0,0,0,0,0,0,0,0,0,0,0
Kebbi,ZURU,6a35d6ee52574004bac51620,House of Assemby election - 2026-06-20 - ZURU,2026-06-19T23:00:00.000Z,BEDI,01,5f0f3d4b8f77bb3acad0a25d,UNG. S/FAWA,21/21/01/004,6a35d6f352574004bac51702,72744,,,0,0,0,,0,0,0,,,0,0,0,0,0,0,0,0,0,0,0,0,0,0,0,0,0,0,0,0,0,0
Kebbi,ZURU,6a35d6ee52574004bac51620,House of Assemby election - 2026-06-20 - ZURU,2026-06-19T23:00:00.000Z,BEDI,01,5f0f3d4b8f77bb3acad0a25d,UNG. G/TAMBARI,21/21/01/005,6a35d6f352574004bac51700,72745,,,0,0,0,,0,0,0,,,0,0,0,0,0,0,0,0,0,0,0,0,0,0,0,0,0,0,0,0,0,0
Kebbi,ZURU,6a35d6ee52574004bac51620,House of Assemby election - 2026-06-20 - ZURU,2026-06-19T23:00:00.000Z,BEDI,01,5f0f3d4b8f77bb3acad0a25d,UNG. GARA,21/21/01/006,6a35d6f352574004bac5170a,72746,,1781968507479,0,0,0,,0,0,0,,https://inc-s3-cache.incportals.com/cached/express/results/2990/22/468/5317/72050/3091af85-94a4-4934-acbd-6f1b41bf97a1.jpg,0,0,0,0,0,0,0,0,0,0,0,0,0,0,0,0,0,0,0,0,0,0
Kebbi,ZURU,6a35d6ee52574004bac51620,House of Assemby election - 2026-06-20 - ZURU,2026-06-19T23:00:00.000Z,BEDI,01,5f0f3d4b8f77bb3acad0a25d,KWANCI MANGA,21/21/01/007,6a35d6f352574004bac51703,72747,,1781972824581,0,0,0,,0,0,0,,https://inc-s3-cache.incportals.com/cached/express/results/2990/22/468/5317/72051/21f962ac-5949-403c-9b5c-19af3f0dd1a7.jpg,0,0,0,0,0,0,0,0,0,0,0,0,0,0,0,0,0,0,0,0,0,0
Kebbi,ZURU,6a35d6ee52574004bac51620,House of Assemby election - 2026-06-20 - ZURU,2026-06-19T23:00:00.000Z,BEDI,01,5f0f3d4b8f77bb3acad0a25d,SOMDARO,21/21/01/008,6a35d6f352574004bac51709,72748,,,0,0,0,,0,0,0,,,0,0,0,0,0,0,0,0,0,0,0,0,0,0,0,0,0,0,0,0,0,0
Kebbi,ZURU,6a35d6ee52574004bac51620,House of Assemby election - 2026-06-20 - ZURU,2026-06-19T23:00:00.000Z,BEDI,01,5f0f3d4b8f77bb3acad0a25d,GAMJI DAKO,21/21/01/009,6a35d6f352574004bac51707,72749,,,0,0,0,,0,0,0,,,0,0,0,0,0,0,0,0,0,0,0,0,0,0,0,0,0,0,0,0,0,0
Kebbi,ZURU,6a35d6ee52574004bac51620,House of Assemby election - 2026-06-20 - ZURU,2026-06-19T23:00:00.000Z,BEDI,01,5f0f3d4b8f77bb3acad0a25d,DOMO YUMU,21/21/01/010,6a35d6f352574004bac51701,72750,,,0,0,0,,0,0,0,,,0,0,0,0,0,0,0,0,0,0,0,0,0,0,0,0,0,0,0,0,0,0
Kebbi,ZURU,6a35d6ee52574004bac51620,House of Assemby election - 2026-06-20 - ZURU,2026-06-19T23:00:00.000Z,BEDI,01,5f0f3d4b8f77bb3acad0a25d,ZAGDERI,21/21/01/011,6a35d6f352574004bac5170b,72751,,,0,0,0,,0,0,0,,,0,0,0,0,0,0,0,0,0,0,0,0,0,0,0,0,0,0,0,0,0,0
Kebbi,ZURU,6a35d6ee52574004bac51620,House of Assemby election - 2026-06-20 - ZURU,2026-06-19T23:00:00.000Z,BEDI,01,5f0f3d4b8f77bb3acad0a25d,BEDI PADA B,21/21/01/012,6a35d6f352574004bac51706,72752,,1781972288584,0,0,0,,0,0,0,,https://inc-s3-cache.incportals.com/cached/express/results/2990/22/468/5317/72056/4940a1e0-a37b-4ae8-949b-bf85a4617a12.jpg,0,0,0,0,0,0,0,0,0,0,0,0,0,0,0,0,0,0,0,0,0,0
Kebbi,ZURU,6a35d6ee52574004bac51620,House of Assemby election - 2026-06-20 - ZURU,2026-06-19T23:00:00.000Z,BEDI,01,5f0f3d4b8f77bb3acad0a25d,GOVT.DAY SES. SCH.  BEDI,21/21/01/013,6a35d6f352574004bac51713,154278,,1781968313694,0,0,0,,0,0,0,,https://inc-s3-cache.incportals.com/cached/express/results/2990/22/468/5317/649565/788dad65-61dc-4617-93b6-c64a094043d2.jpg,0,0,0,0,0,0,0,0,0,0,0,0,0,0,0,0,0,0,0,0,0,0
Kebbi,ZURU,6a35d6ee52574004bac51620,House of Assemby election - 2026-06-20 - ZURU,2026-06-19T23:00:00.000Z,BEDI,01,5f0f3d4b8f77bb3acad0a25d,U.M.U RIMI OPEN SPACE,21/21/01/014,6a35d6f352574004bac5170e,154279,,1781973204739,0,0,0,,0,0,0,,https://inc-s3-cache.incportals.com/cached/express/results/2990/22/468/5317/649566/ea47b754-bdbc-4e88-9710-74b2ae369dbd.jpg,0,0,0,0,0,0,0,0,0,0,0,0,0,0,0,0,0,0,0,0,0,0
Kebbi,ZURU,6a35d6ee52574004bac51620,House of Assemby election - 2026-06-20 - ZURU,2026-06-19T23:00:00.000Z,BEDI,01,5f0f3d4b8f77bb3acad0a25d,DONGO HARUNA KWANCI MANGA AREA,21/21/01/015,6a35d6f352574004bac5170d,154280,,,0,0,0,,0,0,0,,,0,0,0,0,0,0,0,0,0,0,0,0,0,0,0,0,0,0,0,0,0,0
Kebbi,ZURU,6a35d6ee52574004bac51620,House of Assemby election - 2026-06-20 - ZURU,2026-06-19T23:00:00.000Z,BEDI,01,5f0f3d4b8f77bb3acad0a25d,DONGO PRIMARY SCHOOL,21/21/01/016,6a35d6f352574004bac51711,154281,,,0,0,0,,0,0,0,,,0,0,0,0,0,0,0,0,0,0,0,0,0,0,0,0,0,0,0,0,0,0
Kebbi,ZURU,6a35d6ee52574004bac51620,House of Assemby election - 2026-06-20 - ZURU,2026-06-19T23:00:00.000Z,BEDI,01,5f0f3d4b8f77bb3acad0a25d,FILIN JIRGI AREA,21/21/01/017,6a35d6f352574004bac51712,154282,,,0,0,0,,0,0,0,,,0,0,0,0,0,0,0,0,0,0,0,0,0,0,0,0,0,0,0,0,0,0
Kebbi,ZURU,6a35d6ee52574004bac51620,House of Assemby election - 2026-06-20 - ZURU,2026-06-19T23:00:00.000Z,BEDI,01,5f0f3d4b8f77bb3acad0a25d,KWEZGA PRIMARY SCHOOL,21/21/01/018,6a35d6f352574004bac5170c,154283,,,0,0,0,,0,0,0,,,0,0,0,0,0,0,0,0,0,0,0,0,0,0,0,0,0,0,0,0,0,0
Kebbi,ZURU,6a35d6ee52574004bac51620,House of Assemby election - 2026-06-20 - ZURU,2026-06-19T23:00:00.000Z,BEDI,01,5f0f3d4b8f77bb3acad0a25d,ZAGDERI PRIMARY SCHOOL,21/21/01/019,6a35d6f352574004bac5170f,154284,1781965577795.0,1781965576822,200,31,0,6a36a30852b6362accb5c55a,31,200,31,,https://inc-s3-cache.incportals.com/cached/express/results/2990/22/468/5317/649571/d34b230d-7bc4-4fa2-9f1f-b038d130b62f.jpg,0,0,0,0,0,27,0,0,0,0,0,4,0,0,0,0,0,0,0,0,0,0
Kebbi,ZURU,6a35d6ee52574004bac51620,House of Assemby election - 2026-06-20 - ZURU,2026-06-19T23:00:00.000Z,BEDI,01,5f0f3d4b8f77bb3acad0a25d,UNG. SARKIN HAUSAWA BEDI,21/21/01/020,6a35d6f352574004bac51710,154285,,1781973257321,0,0,0,,0,0,0,,https://inc-s3-cache.incportals.com/cached/express/results/2990/22/468/5317/649572/246e44cf-e3d5-410d-9375-ae092567051e.jpg,0,0,0,0,0,0,0,0,0,0,0,0,0,0,0,0,0,0,0,0,0,0
Kebbi,ZURU,6a35d6ee52574004bac51620,House of Assemby election - 2026-06-20 - ZURU,2026-06-19T23:00:00.000Z,CIROMAN DABAI,02,5f0f3d4b8f77bb3acad0a25e,DABAI FADA,21/21/02/001,6a35d6f352574004bac51688,72753,,,0,0,0,,0,0,0,,,0,0,0,0,0,0,0,0,0,0,0,0,0,0,0,0,0,0,0,0,0,0
Kebbi,ZURU,6a35d6ee52574004bac51620,House of Assemby election - 2026-06-20 - ZURU,2026-06-19T23:00:00.000Z,CIROMAN DABAI,02,5f0f3d4b8f77bb3acad0a25e,SABON G/DABARI,21/21/02/002,6a35d6f352574004bac51685,72754,,,0,0,0,,0,0,0,,,0,0,0,0,0,0,0,0,0,0,0,0,0,0,0,0,0,0,0,0,0,0
Kebbi,ZURU,6a35d6ee52574004bac51620,House of Assemby election - 2026-06-20 - ZURU,2026-06-19T23:00:00.000Z,CIROMAN DABAI,02,5f0f3d4b8f77bb3acad0a25e,UMAMA MUSA 'A',21/21/02/003,6a35d6f352574004bac51684,72755,,1781970498721,0,0,0,,0,0,0,,https://inc-s3-cache.incportals.com/cached/express/results/2990/22/468/5318/72059/8ce17787-f5f0-4320-a4db-4c18fdf73fe3.jpg,0,0,0,0,0,0,0,0,0,0,0,0,0,0,0,0,0,0,0,0,0,0
Kebbi,ZURU,6a35d6ee52574004bac51620,House of Assemby election - 2026-06-20 - ZURU,2026-06-19T23:00:00.000Z,CIROMAN DABAI,02,5f0f3d4b8f77bb3acad0a25e,UMANA MUSA,21/21/02/004,6a35d6f352574004bac51689,72756,,1781968179801,0,0,0,,0,0,0,,https://inc-s3-cache.incportals.com/cached/express/results/2990/22/468/5318/72060/607342da-9a1e-49e1-acc0-68a44b47e336.jpg,0,0,0,0,0,0,0,0,0,0,0,0,0,0,0,0,0,0,0,0,0,0
Kebbi,ZURU,6a35d6ee52574004bac51620,House of Assemby election - 2026-06-20 - ZURU,2026-06-19T23:00:00.000Z,CIROMAN DABAI,02,5f0f3d4b8f77bb3acad0a25e,B/GALADIMA,21/21/02/005,6a35d6f352574004bac51686,72757,,1781973398073,0,0,0,,0,0,0,,https://inc-s3-cache.incportals.com/cached/express/results/2990/22/468/5318/72061/a3bad08c-f3d5-446f-8663-62fa1e5ad545.jpg,0,0,0,0,0,0,0,0,0,0,0,0,0,0,0,0,0,0,0,0,0,0
Kebbi,ZURU,6a35d6ee52574004bac51620,House of Assemby election - 2026-06-20 - ZURU,2026-06-19T23:00:00.000Z,CIROMAN DABAI,02,5f0f3d4b8f77bb3acad0a25e,RESGE DUMBI,21/21/02/006,6a35d6f352574004bac51682,72758,,,0,0,0,,0,0,0,,,0,0,0,0,0,0,0,0,0,0,0,0,0,0,0,0,0,0,0,0,0,0
Kebbi,ZURU,6a35d6ee52574004bac51620,House of Assemby election - 2026-06-20 - ZURU,2026-06-19T23:00:00.000Z,CIROMAN DABAI,02,5f0f3d4b8f77bb3acad0a25e,UNG. M. MARGISHI,21/21/02/007,6a35d6f352574004bac51681,72759,,,0,0,0,,0,0,0,,,0,0,0,0,0,0,0,0,0,0,0,0,0,0,0,0,0,0,0,0,0,0
Kebbi,ZURU,6a35d6ee52574004bac51620,House of Assemby election - 2026-06-20 - ZURU,2026-06-19T23:00:00.000Z,CIROMAN DABAI,02,5f0f3d4b8f77bb3acad0a25e,KWENDU,21/21/02/008,6a35d6f352574004bac51680,72760,,,0,0,0,,0,0,0,,,0,0,0,0,0,0,0,0,0,0,0,0,0,0,0,0,0,0,0,0,0,0
Kebbi,ZURU,6a35d6ee52574004bac51620,House of Assemby election - 2026-06-20 - ZURU,2026-06-19T23:00:00.000Z,CIROMAN DABAI,02,5f0f3d4b8f77bb3acad0a25e,UNG. S/UBAN DAWAKI,21/21/02/009,6a35d6f352574004bac51683,72761,,,0,0,0,,0,0,0,,,0,0,0,0,0,0,0,0,0,0,0,0,0,0,0,0,0,0,0,0,0,0
Kebbi,ZURU,6a35d6ee52574004bac51620,House of Assemby election - 2026-06-20 - ZURU,2026-06-19T23:00:00.000Z,CIROMAN DABAI,02,5f0f3d4b8f77bb3acad0a25e,BANTO WUYA,21/21/02/010,6a35d6f352574004bac51687,72762,,,0,0,0,,0,0,0,,,0,0,0,0,0,0,0,0,0,0,0,0,0,0,0,0,0,0,0,0,0,0
Kebbi,ZURU,6a35d6ee52574004bac51620,House of Assemby election - 2026-06-20 - ZURU,2026-06-19T23:00:00.000Z,CIROMAN DABAI,02,5f0f3d4b8f77bb3acad0a25e,DABAI MARKET,21/21/02/011,6a35d6f352574004bac5168a,154286,,,0,0,0,,0,0,0,,,0,0,0,0,0,0,0,0,0,0,0,0,0,0,0,0,0,0,0,0,0,0
Kebbi,ZURU,6a35d6ee52574004bac51620,House of Assemby election - 2026-06-20 - ZURU,2026-06-19T23:00:00.000Z,CIROMAN DABAI,02,5f0f3d4b8f77bb3acad0a25e,UKOTO PRIMARY SCHOOL,21/21/02/012,6a35d6f352574004bac5168d,154287,,,0,0,0,,0,0,0,,,0,0,0,0,0,0,0,0,0,0,0,0,0,0,0,0,0,0,0,0,0,0
Kebbi,ZURU,6a35d6ee52574004bac51620,House of Assemby election - 2026-06-20 - ZURU,2026-06-19T23:00:00.000Z,CIROMAN DABAI,02,5f0f3d4b8f77bb3acad0a25e,LAYIN BAKO TESE,21/21/02/013,6a35d6f352574004bac5168f,154288,,1781973627230,0,0,0,,0,0,0,,https://inc-s3-cache.incportals.com/cached/express/results/2990/22/468/5318/649575/a17f2703-d003-4113-a420-5165b3242a42.jpg,0,0,0,0,0,0,0,0,0,0,0,0,0,0,0,0,0,0,0,0,0,0
Kebbi,ZURU,6a35d6ee52574004bac51620,House of Assemby election - 2026-06-20 - ZURU,2026-06-19T23:00:00.000Z,CIROMAN DABAI,02,5f0f3d4b8f77bb3acad0a25e,GOMMAWA,21/21/02/014,6a35d6f352574004bac5168c,154289,,,0,0,0,,0,0,0,,,0,0,0,0,0,0,0,0,0,0,0,0,0,0,0,0,0,0,0,0,0,0
Kebbi,ZURU,6a35d6ee52574004bac51620,House of Assemby election - 2026-06-20 - ZURU,2026-06-19T23:00:00.000Z,CIROMAN DABAI,02,5f0f3d4b8f77bb3acad0a25e,AGATA USMAN S/KIDI,21/21/02/015,6a35d6f352574004bac5168e,154290,,,0,0,0,,0,0,0,,,0,0,0,0,0,0,0,0,0,0,0,0,0,0,0,0,0,0,0,0,0,0
Kebbi,ZURU,6a35d6ee52574004bac51620,House of Assemby election - 2026-06-20 - ZURU,2026-06-19T23:00:00.000Z,CIROMAN DABAI,02,5f0f3d4b8f77bb3acad0a25e,ASIBITIN SEMSAWNE,21/21/02/016,6a35d6f352574004bac5168b,154291,,,0,0,0,,0,0,0,,,0,0,0,0,0,0,0,0,0,0,0,0,0,0,0,0,0,0,0,0,0,0
Kebbi,ZURU,6a35d6ee52574004bac51620,House of Assemby election - 2026-06-20 - ZURU,2026-06-19T23:00:00.000Z,CIROMAN DABAI,02,5f0f3d4b8f77bb3acad0a25e,UNG. DAURA GALADIMA,21/21/02/017,6a35d6f352574004bac51690,154292,,,0,0,0,,0,0,0,,,0,0,0,0,0,0,0,0,0,0,0,0,0,0,0,0,0,0,0,0,0,0
Kebbi,ZURU,6a35d6ee52574004bac51620,House of Assemby election - 2026-06-20 - ZURU,2026-06-19T23:00:00.000Z,ISGOGO /DAGO,03,5f0f3d4b8f77bb3acad0a25f,ISGOGO FADA,21/21/03/001,6a35d6f352574004bac51716,72763,,,0,0,0,,0,0,0,,,0,0,0,0,0,0,0,0,0,0,0,0,0,0,0,0,0,0,0,0,0,0
Kebbi,ZURU,6a35d6ee52574004bac51620,House of Assemby election - 2026-06-20 - ZURU,2026-06-19T23:00:00.000Z,ISGOGO /DAGO,03,5f0f3d4b8f77bb3acad0a25f,KARKARA DAGO,21/21/03/002,6a35d6f352574004bac51714,72764,,,0,0,0,,0,0,0,,,0,0,0,0,0,0,0,0,0,0,0,0,0,0,0,0,0,0,0,0,0,0
Kebbi,ZURU,6a35d6ee52574004bac51620,House of Assemby election - 2026-06-20 - ZURU,2026-06-19T23:00:00.000Z,ISGOGO /DAGO,03,5f0f3d4b8f77bb3acad0a25f,UNG. GALADIMA,21/21/03/003,6a35d6f352574004bac51718,72765,,,0,0,0,,0,0,0,,,0,0,0,0,0,0,0,0,0,0,0,0,0,0,0,0,0,0,0,0,0,0
Kebbi,ZURU,6a35d6ee52574004bac51620,House of Assemby election - 2026-06-20 - ZURU,2026-06-19T23:00:00.000Z,ISGOGO /DAGO,03,5f0f3d4b8f77bb3acad0a25f,JAMBO,21/21/03/004,6a35d6f352574004bac51715,72766,,1781973727450,0,0,0,,0,0,0,,https://inc-s3-cache.incportals.com/cached/express/results/2990/22/468/5319/72070/c26472b5-38ec-4359-a97d-b0981d5cdf55.jpg,0,0,0,0,0,0,0,0,0,0,0,0,0,0,0,0,0,0,0,0,0,0
Kebbi,ZURU,6a35d6ee52574004bac51620,House of Assemby election - 2026-06-20 - ZURU,2026-06-19T23:00:00.000Z,ISGOGO /DAGO,03,5f0f3d4b8f77bb3acad0a25f,ZANGINA,21/21/03/005,6a35d6f352574004bac51717,72767,,1781973915793,0,0,0,,0,0,0,,https://inc-s3-cache.incportals.com/cached/express/results/2990/22/468/5319/72071/5f89ae7c-4b15-44ea-a2e0-27e839c51d38.jpg,0,0,0,0,0,0,0,0,0,0,0,0,0,0,0,0,0,0,0,0,0,0
Kebbi,ZURU,6a35d6ee52574004bac51620,House of Assemby election - 2026-06-20 - ZURU,2026-06-19T23:00:00.000Z,ISGOGO /DAGO,03,5f0f3d4b8f77bb3acad0a25f,UTUMU ISGOGO,21/21/03/006,6a35d6f352574004bac5171a,154293,,1781974806977,0,0,0,,0,0,0,,https://inc-s3-cache.incportals.com/cached/express/results/2990/22/468/5319/649580/81c3cf7a-5a39-4b6a-92c0-847e3bcd5545.jpg,0,0,0,0,0,0,0,0,0,0,0,0,0,0,0,0,0,0,0,0,0,0
Kebbi,ZURU,6a35d6ee52574004bac51620,House of Assemby election - 2026-06-20 - ZURU,2026-06-19T23:00:00.000Z,ISGOGO /DAGO,03,5f0f3d4b8f77bb3acad0a25f,ISGOGO DAY SEC. SCH.,21/21/03/007,6a35d6f352574004bac5171d,154294,,,0,0,0,,0,0,0,,,0,0,0,0,0,0,0,0,0,0,0,0,0,0,0,0,0,0,0,0,0,0
Kebbi,ZURU,6a35d6ee52574004bac51620,House of Assemby election - 2026-06-20 - ZURU,2026-06-19T23:00:00.000Z,ISGOGO /DAGO,03,5f0f3d4b8f77bb3acad0a25f,GAMBO GOMO DAGO,21/21/03/008,6a35d6f352574004bac51719,154295,,1781969590981,0,0,0,,0,0,0,,https://inc-s3-cache.incportals.com/cached/express/results/2990/22/468/5319/649582/aecbfd55-d28f-4af0-ac56-9528acd699e6.jpg,0,0,0,0,0,0,0,0,0,0,0,0,0,0,0,0,0,0,0,0,0,0
Kebbi,ZURU,6a35d6ee52574004bac51620,House of Assemby election - 2026-06-20 - ZURU,2026-06-19T23:00:00.000Z,ISGOGO /DAGO,03,5f0f3d4b8f77bb3acad0a25f,DONKA(2) PRIMARY SCHOOL DAGO,21/21/03/009,6a35d6f352574004bac5171b,154296,,,0,0,0,,0,0,0,,,0,0,0,0,0,0,0,0,0,0,0,0,0,0,0,0,0,0,0,0,0,0
Kebbi,ZURU,6a35d6ee52574004bac51620,House of Assemby election - 2026-06-20 - ZURU,2026-06-19T23:00:00.000Z,ISGOGO /DAGO,03,5f0f3d4b8f77bb3acad0a25f,KAGADAMA DAGO PRI. SCH.,21/21/03/010,6a35d6f352574004bac5171c,154297,,,0,0,0,,0,0,0,,,0,0,0,0,0,0,0,0,0,0,0,0,0,0,0,0,0,0,0,0,0,0
Kebbi,ZURU,6a35d6ee52574004bac51620,House of Assemby election - 2026-06-20 - ZURU,2026-06-19T23:00:00.000Z,ISGOGO /DAGO,03,5f0f3d4b8f77bb3acad0a25f,DONKA(1) PRIMARY SCHOOL,21/21/03/011,6a35d6f352574004bac5171f,154298,,1781974090157,0,0,0,,0,0,0,,https://inc-s3-cache.incportals.com/cached/express/results/2990/22/468/5319/649585/d6e162d2-90e0-460b-b5a8-fbe67e467fe7.jpg,0,0,0,0,0,0,0,0,0,0,0,0,0,0,0,0,0,0,0,0,0,0
Kebbi,ZURU,6a35d6ee52574004bac51620,House of Assemby election - 2026-06-20 - ZURU,2026-06-19T23:00:00.000Z,ISGOGO /DAGO,03,5f0f3d4b8f77bb3acad0a25f,JAMBO PRIMARY SCHOOL KADIMTI,21/21/03/012,6a35d6f352574004bac5171e,154299,,1781973786390,0,0,0,,0,0,0,,https://inc-s3-cache.incportals.com/cached/express/results/2990/22/468/5319/649586/1b062b4a-7b30-40f5-8a75-44081b24e08c.jpg,0,0,0,0,0,0,0,0,0,0,0,0,0,0,0,0,0,0,0,0,0,0
Kebbi,ZURU,6a35d6ee52574004bac51620,House of Assemby election - 2026-06-20 - ZURU,2026-06-19T23:00:00.000Z,MANGA/USHE,04,5f0f3d4b8f77bb3acad0a260,AMANAWA PRIMARY SCHOOL,21/21/04/001,6a35d6f352574004bac516bc,72768,,,0,0,0,,0,0,0,,,0,0,0,0,0,0,0,0,0,0,0,0,0,0,0,0,0,0,0,0,0,0
Kebbi,ZURU,6a35d6ee52574004bac51620,House of Assemby election - 2026-06-20 - ZURU,2026-06-19T23:00:00.000Z,MANGA/USHE,04,5f0f3d4b8f77bb3acad0a260,UNG. BAWA D/GUJIYA 'A',21/21/04/002,6a35d6f352574004bac516ba,72769,,,0,0,0,,0,0,0,,,0,0,0,0,0,0,0,0,0,0,0,0,0,0,0,0,0,0,0,0,0,0
Kebbi,ZURU,6a35d6ee52574004bac51620,House of Assemby election - 2026-06-20 - ZURU,2026-06-19T23:00:00.000Z,MANGA/USHE,04,5f0f3d4b8f77bb3acad0a260,UNG. BAWA D/GUDIYA 'B',21/21/04/003,6a35d6f352574004bac516bd,72770,,,0,0,0,,0,0,0,,,0,0,0,0,0,0,0,0,0,0,0,0,0,0,0,0,0,0,0,0,0,0
Kebbi,ZURU,6a35d6ee52574004bac51620,House of Assemby election - 2026-06-20 - ZURU,2026-06-19T23:00:00.000Z,MANGA/USHE,04,5f0f3d4b8f77bb3acad0a260,ELEMBELU,21/21/04/004,6a35d6f352574004bac516b9,72771,,1781974265706,0,0,0,,0,0,0,,https://inc-s3-cache.incportals.com/cached/express/results/2990/22/468/5320/72075/76de4237-ba9c-4181-855f-77520daeb151.jpg,0,0,0,0,0,0,0,0,0,0,0,0,0,0,0,0,0,0,0,0,0,0
Kebbi,ZURU,6a35d6ee52574004bac51620,House of Assemby election - 2026-06-20 - ZURU,2026-06-19T23:00:00.000Z,MANGA/USHE,04,5f0f3d4b8f77bb3acad0a260,UNG. GUJIYA MAGAJI,21/21/04/005,6a35d6f352574004bac516be,72772,,,0,0,0,,0,0,0,,,0,0,0,0,0,0,0,0,0,0,0,0,0,0,0,0,0,0,0,0,0,0
Kebbi,ZURU,6a35d6ee52574004bac51620,House of Assemby election - 2026-06-20 - ZURU,2026-06-19T23:00:00.000Z,MANGA/USHE,04,5f0f3d4b8f77bb3acad0a260,MADUGU,21/21/04/006,6a35d6f352574004bac516c2,72773,,,0,0,0,,0,0,0,,,0,0,0,0,0,0,0,0,0,0,0,0,0,0,0,0,0,0,0,0,0,0
Kebbi,ZURU,6a35d6ee52574004bac51620,House of Assemby election - 2026-06-20 - ZURU,2026-06-19T23:00:00.000Z,MANGA/USHE,04,5f0f3d4b8f77bb3acad0a260,MAGORO,21/21/04/007,6a35d6f352574004bac516c0,72774,,,0,0,0,,0,0,0,,,0,0,0,0,0,0,0,0,0,0,0,0,0,0,0,0,0,0,0,0,0,0
Kebbi,ZURU,6a35d6ee52574004bac51620,House of Assemby election - 2026-06-20 - ZURU,2026-06-19T23:00:00.000Z,MANGA/USHE,04,5f0f3d4b8f77bb3acad0a260,UNG. MANGA,21/21/04/008,6a35d6f352574004bac516c1,72775,,1781969585118,0,0,0,,0,0,0,,https://inc-s3-cache.incportals.com/cached/express/results/2990/22/468/5320/72079/2dbf3c18-3c0a-49d1-bdcd-272377b10c9e.jpg,0,0,0,0,0,0,0,0,0,0,0,0,0,0,0,0,0,0,0,0,0,0
Kebbi,ZURU,6a35d6ee52574004bac51620,House of Assemby election - 2026-06-20 - ZURU,2026-06-19T23:00:00.000Z,MANGA/USHE,04,5f0f3d4b8f77bb3acad0a260,RIO,21/21/04/009,6a35d6f352574004bac516bb,72776,,,0,0,0,,0,0,0,,,0,0,0,0,0,0,0,0,0,0,0,0,0,0,0,0,0,0,0,0,0,0
Kebbi,ZURU,6a35d6ee52574004bac51620,House of Assemby election - 2026-06-20 - ZURU,2026-06-19T23:00:00.000Z,MANGA/USHE,04,5f0f3d4b8f77bb3acad0a260,UNG. S/DUTSE,21/21/04/010,6a35d6f352574004bac516bf,72777,,,0,0,0,,0,0,0,,,0,0,0,0,0,0,0,0,0,0,0,0,0,0,0,0,0,0,0,0,0,0
Kebbi,ZURU,6a35d6ee52574004bac51620,House of Assemby election - 2026-06-20 - ZURU,2026-06-19T23:00:00.000Z,MANGA/USHE,04,5f0f3d4b8f77bb3acad0a260,UNG. DUSTE USHE,21/21/04/011,6a35d6f352574004bac516b8,72778,,,0,0,0,,0,0,0,,,0,0,0,0,0,0,0,0,0,0,0,0,0,0,0,0,0,0,0,0,0,0
Kebbi,ZURU,6a35d6ee52574004bac51620,House of Assemby election - 2026-06-20 - ZURU,2026-06-19T23:00:00.000Z,MANGA/USHE,04,5f0f3d4b8f77bb3acad0a260,MANGORON WABE,21/21/04/012,6a35d6f352574004bac516c3,154300,,,0,0,0,,0,0,0,,,0,0,0,0,0,0,0,0,0,0,0,0,0,0,0,0,0,0,0,0,0,0
Kebbi,ZURU,6a35d6ee52574004bac51620,House of Assemby election - 2026-06-20 - ZURU,2026-06-19T23:00:00.000Z,MANGA/USHE,04,5f0f3d4b8f77bb3acad0a260,UNGUWAR KUTARE LEPROSY CENTRE,21/21/04/013,6a35d6f352574004bac516cf,154301,,,0,0,0,,0,0,0,,,0,0,0,0,0,0,0,0,0,0,0,0,0,0,0,0,0,0,0,0,0,0
Kebbi,ZURU,6a35d6ee52574004bac51620,House of Assemby election - 2026-06-20 - ZURU,2026-06-19T23:00:00.000Z,MANGA/USHE,04,5f0f3d4b8f77bb3acad0a260,SARKU PRIMARY SCHOOL,21/21/04/014,6a35d6f352574004bac516d0,154302,,1781971387943,0,0,0,,0,0,0,,https://inc-s3-cache.incportals.com/cached/express/results/2990/22/468/5320/649589/8c91324e-1105-453f-8d1d-34b5df01f6d7.jpg,0,0,0,0,0,0,0,0,0,0,0,0,0,0,0,0,0,0,0,0,0,0
Kebbi,ZURU,6a35d6ee52574004bac51620,House of Assemby election - 2026-06-20 - ZURU,2026-06-19T23:00:00.000Z,MANGA/USHE,04,5f0f3d4b8f77bb3acad0a260,UNGUWAR RIMI TOLL GATE,21/21/04/015,6a35d6f352574004bac516ce,154303,,,0,0,0,,0,0,0,,,0,0,0,0,0,0,0,0,0,0,0,0,0,0,0,0,0,0,0,0,0,0
Kebbi,ZURU,6a35d6ee52574004bac51620,House of Assemby election - 2026-06-20 - ZURU,2026-06-19T23:00:00.000Z,MANGA/USHE,04,5f0f3d4b8f77bb3acad0a260,GOVERNMENT SCIENCE COLLEGE ZURU,21/21/04/016,6a35d6f352574004bac516cc,154304,,,0,0,0,,0,0,0,,,0,0,0,0,0,0,0,0,0,0,0,0,0,0,0,0,0,0,0,0,0,0
Kebbi,ZURU,6a35d6ee52574004bac51620,House of Assemby election - 2026-06-20 - ZURU,2026-06-19T23:00:00.000Z,MANGA/USHE,04,5f0f3d4b8f77bb3acad0a260,UKAMBO PRIMARY SCHOOL,21/21/04/017,6a35d6f352574004bac516c4,154305,,,0,0,0,,0,0,0,,,0,0,0,0,0,0,0,0,0,0,0,0,0,0,0,0,0,0,0,0,0,0
Kebbi,ZURU,6a35d6ee52574004bac51620,House of Assemby election - 2026-06-20 - ZURU,2026-06-19T23:00:00.000Z,MANGA/USHE,04,5f0f3d4b8f77bb3acad0a260,UDUNKUDU  PRIMARY SCHOOL,21/21/04/018,6a35d6f352574004bac516c9,154306,,1781968222024,0,0,0,,0,0,0,,https://inc-s3-cache.incportals.com/cached/express/results/2990/22/468/5320/649593/ebc137dd-fc6c-4cbb-b6ab-3d330ead40b6.jpg,0,0,0,0,0,0,0,0,0,0,0,0,0,0,0,0,0,0,0,0,0,0
Kebbi,ZURU,6a35d6ee52574004bac51620,House of Assemby election - 2026-06-20 - ZURU,2026-06-19T23:00:00.000Z,MANGA/USHE,04,5f0f3d4b8f77bb3acad0a260,GAZZI PRIMARY SCHOOL,21/21/04/019,6a35d6f352574004bac516c6,154307,,,0,0,0,,0,0,0,,,0,0,0,0,0,0,0,0,0,0,0,0,0,0,0,0,0,0,0,0,0,0
Kebbi,ZURU,6a35d6ee52574004bac51620,House of Assemby election - 2026-06-20 - ZURU,2026-06-19T23:00:00.000Z,MANGA/USHE,04,5f0f3d4b8f77bb3acad0a260,MAGORO PRIMARY SCHOOL,21/21/04/020,6a35d6f352574004bac516cd,154308,,,0,0,0,,0,0,0,,,0,0,0,0,0,0,0,0,0,0,0,0,0,0,0,0,0,0,0,0,0,0
Kebbi,ZURU,6a35d6ee52574004bac51620,House of Assemby election - 2026-06-20 - ZURU,2026-06-19T23:00:00.000Z,MANGA/USHE,04,5f0f3d4b8f77bb3acad0a260,TUNGAR MAESA,21/21/04/021,6a35d6f352574004bac516c7,154309,,,0,0,0,,0,0,0,,,0,0,0,0,0,0,0,0,0,0,0,0,0,0,0,0,0,0,0,0,0,0
Kebbi,ZURU,6a35d6ee52574004bac51620,House of Assemby election - 2026-06-20 - ZURU,2026-06-19T23:00:00.000Z,MANGA/USHE,04,5f0f3d4b8f77bb3acad0a260,SUGA PRIMARY SCHOOL,21/21/04/022,6a35d6f352574004bac516ca,154310,,,0,0,0,,0,0,0,,,0,0,0,0,0,0,0,0,0,0,0,0,0,0,0,0,0,0,0,0,0,0
Kebbi,ZURU,6a35d6ee52574004bac51620,House of Assemby election - 2026-06-20 - ZURU,2026-06-19T23:00:00.000Z,MANGA/USHE,04,5f0f3d4b8f77bb3acad0a260,KBARMA DISPENSARY,21/21/04/023,6a35d6f352574004bac516cb,154311,,,0,0,0,,0,0,0,,,0,0,0,0,0,0,0,0,0,0,0,0,0,0,0,0,0,0,0,0,0,0
Kebbi,ZURU,6a35d6ee52574004bac51620,House of Assemby election - 2026-06-20 - ZURU,2026-06-19T23:00:00.000Z,MANGA/USHE,04,5f0f3d4b8f77bb3acad0a260,TARU DANGE PRIMARY SCHOOL,21/21/04/024,6a35d6f352574004bac516c8,154312,,,0,0,0,,0,0,0,,,0,0,0,0,0,0,0,0,0,0,0,0,0,0,0,0,0,0,0,0,0,0
Kebbi,ZURU,6a35d6ee52574004bac51620,House of Assemby election - 2026-06-20 - ZURU,2026-06-19T23:00:00.000Z,MANGA/USHE,04,5f0f3d4b8f77bb3acad0a260,AKUMU DISPENSARY,21/21/04/025,6a35d6f352574004bac516c5,154313,,,0,0,0,,0,0,0,,,0,0,0,0,0,0,0,0,0,0,0,0,0,0,0,0,0,0,0,0,0,0
Kebbi,ZURU,6a35d6ee52574004bac51620,House of Assemby election - 2026-06-20 - ZURU,2026-06-19T23:00:00.000Z,RAFIN ZURU,05,5f0f3d4b8f77bb3acad0a261,G/AUDU BENA,21/21/05/001,6a35d6f352574004bac516de,72779,,1781973394815,0,0,0,,0,0,0,,https://inc-s3-cache.incportals.com/cached/express/results/2990/22/468/5321/72083/94461f6a-8ce6-4ddf-8a84-ada7be2d3e0e.jpg,0,0,0,0,0,0,0,0,0,0,0,0,0,0,0,0,0,0,0,0,0,0
Kebbi,ZURU,6a35d6ee52574004bac51620,House of Assemby election - 2026-06-20 - ZURU,2026-06-19T23:00:00.000Z,RAFIN ZURU,05,5f0f3d4b8f77bb3acad0a261,G/BAKI,21/21/05/002,6a35d6f352574004bac516dd,72780,,,0,0,0,,0,0,0,,,0,0,0,0,0,0,0,0,0,0,0,0,0,0,0,0,0,0,0,0,0,0
Kebbi,ZURU,6a35d6ee52574004bac51620,House of Assemby election - 2026-06-20 - ZURU,2026-06-19T23:00:00.000Z,RAFIN ZURU,05,5f0f3d4b8f77bb3acad0a261,G/DAMATURU,21/21/05/003,6a35d6f352574004bac516d7,72781,,,0,0,0,,0,0,0,,,0,0,0,0,0,0,0,0,0,0,0,0,0,0,0,0,0,0,0,0,0,0
Kebbi,ZURU,6a35d6ee52574004bac51620,House of Assemby election - 2026-06-20 - ZURU,2026-06-19T23:00:00.000Z,RAFIN ZURU,05,5f0f3d4b8f77bb3acad0a261,G/S/MAI DOYA,21/21/05/004,6a35d6f352574004bac516d8,72782,,,0,0,0,,0,0,0,,,0,0,0,0,0,0,0,0,0,0,0,0,0,0,0,0,0,0,0,0,0,0
Kebbi,ZURU,6a35d6ee52574004bac51620,House of Assemby election - 2026-06-20 - ZURU,2026-06-19T23:00:00.000Z,RAFIN ZURU,05,5f0f3d4b8f77bb3acad0a261,G/TUKUR,21/21/05/005,6a35d6f352574004bac516d9,72783,,1781971384037,0,0,0,,0,0,0,,https://inc-s3-cache.incportals.com/cached/express/results/2990/22/468/5321/72087/cc4e3792-a2b5-433f-8fbf-989ba9ac2b6f.jpg,0,0,0,0,0,0,0,0,0,0,0,0,0,0,0,0,0,0,0,0,0,0
Kebbi,ZURU,6a35d6ee52574004bac51620,House of Assemby election - 2026-06-20 - ZURU,2026-06-19T23:00:00.000Z,RAFIN ZURU,05,5f0f3d4b8f77bb3acad0a261,G/ALH BUDO,21/21/05/006,6a35d6f352574004bac516d4,72784,,1781974632180,0,0,0,,0,0,0,,https://inc-s3-cache.incportals.com/cached/express/results/2990/22/468/5321/72088/15d239d4-bda8-4881-9f95-47a3851a47fb.jpg,0,0,0,0,0,0,0,0,0,0,0,0,0,0,0,0,0,0,0,0,0,0
Kebbi,ZURU,6a35d6ee52574004bac51620,House of Assemby election - 2026-06-20 - ZURU,2026-06-19T23:00:00.000Z,RAFIN ZURU,05,5f0f3d4b8f77bb3acad0a261,SAMI GOMO PRIMARY SCHOOL 'A',21/21/05/007,6a35d6f352574004bac516d5,72785,,,0,0,0,,0,0,0,,,0,0,0,0,0,0,0,0,0,0,0,0,0,0,0,0,0,0,0,0,0,0
Kebbi,ZURU,6a35d6ee52574004bac51620,House of Assemby election - 2026-06-20 - ZURU,2026-06-19T23:00:00.000Z,RAFIN ZURU,05,5f0f3d4b8f77bb3acad0a261,SAMI GOMO PRIMARY SCHOOL 'B',21/21/05/008,6a35d6f352574004bac516e1,72786,,1781968212429,0,0,0,,0,0,0,,https://inc-s3-cache.incportals.com/cached/express/results/2990/22/468/5321/72090/6de03ebb-b10c-4e79-9dd7-0a9b7d69baf5.jpg,0,0,0,0,0,0,0,0,0,0,0,0,0,0,0,0,0,0,0,0,0,0
Kebbi,ZURU,6a35d6ee52574004bac51620,House of Assemby election - 2026-06-20 - ZURU,2026-06-19T23:00:00.000Z,RAFIN ZURU,05,5f0f3d4b8f77bb3acad0a261,DANGA GOMO PRIMARY SCHOOL,21/21/05/009,6a35d6f352574004bac516d6,72787,,,0,0,0,,0,0,0,,,0,0,0,0,0,0,0,0,0,0,0,0,0,0,0,0,0,0,0,0,0,0
Kebbi,ZURU,6a35d6ee52574004bac51620,House of Assemby election - 2026-06-20 - ZURU,2026-06-19T23:00:00.000Z,RAFIN ZURU,05,5f0f3d4b8f77bb3acad0a261,EMIRS PALACE,21/21/05/010,6a35d6f352574004bac516d3,72788,,,0,0,0,,0,0,0,,,0,0,0,0,0,0,0,0,0,0,0,0,0,0,0,0,0,0,0,0,0,0
Kebbi,ZURU,6a35d6ee52574004bac51620,House of Assemby election - 2026-06-20 - ZURU,2026-06-19T23:00:00.000Z,RAFIN ZURU,05,5f0f3d4b8f77bb3acad0a261,TASHAR RIMI,21/21/05/011,6a35d6f352574004bac516d2,72789,,,0,0,0,,0,0,0,,,0,0,0,0,0,0,0,0,0,0,0,0,0,0,0,0,0,0,0,0,0,0
Kebbi,ZURU,6a35d6ee52574004bac51620,House of Assemby election - 2026-06-20 - ZURU,2026-06-19T23:00:00.000Z,RAFIN ZURU,05,5f0f3d4b8f77bb3acad0a261,GARKAR RAFIN ZURU  A,21/21/05/012,6a35d6f352574004bac516db,72790,,,0,0,0,,0,0,0,,,0,0,0,0,0,0,0,0,0,0,0,0,0,0,0,0,0,0,0,0,0,0
Kebbi,ZURU,6a35d6ee52574004bac51620,House of Assemby election - 2026-06-20 - ZURU,2026-06-19T23:00:00.000Z,RAFIN ZURU,05,5f0f3d4b8f77bb3acad0a261,G.B.O. 'A',21/21/05/013,6a35d6f352574004bac516d1,72791,1781968262418.0,1781968261818,750,21,0,6a36ad8652b6362accb5c974,21,750,21,,https://inc-s3-cache.incportals.com/cached/express/results/2990/22/468/5321/72095/2fce395b-3198-43d5-b345-e188fe64f291.jpg,0,0,0,0,0,20,0,0,0,0,0,1,0,0,0,0,0,0,0,0,0,0
Kebbi,ZURU,6a35d6ee52574004bac51620,House of Assemby election - 2026-06-20 - ZURU,2026-06-19T23:00:00.000Z,RAFIN ZURU,05,5f0f3d4b8f77bb3acad0a261,G.B.O.,21/21/05/014,6a35d6f352574004bac516e0,72792,,1781968146463,0,0,0,,0,0,0,,https://inc-s3-cache.incportals.com/cached/express/results/2990/22/468/5321/72096/9b34d24c-5b49-443c-99d0-cbf017ece934.jpg,0,0,0,0,0,0,0,0,0,0,0,0,0,0,0,0,0,0,0,0,0,0
Kebbi,ZURU,6a35d6ee52574004bac51620,House of Assemby election - 2026-06-20 - ZURU,2026-06-19T23:00:00.000Z,RAFIN ZURU,05,5f0f3d4b8f77bb3acad0a261,G.R.A.,21/21/05/015,6a35d6f352574004bac516df,72793,,1781968182751,0,0,0,,0,0,0,,https://inc-s3-cache.incportals.com/cached/express/results/2990/22/468/5321/72097/c0356c10-387b-42f0-ae89-fc1546eb7e4e.jpg,0,0,0,0,0,0,0,0,0,0,0,0,0,0,0,0,0,0,0,0,0,0
Kebbi,ZURU,6a35d6ee52574004bac51620,House of Assemby election - 2026-06-20 - ZURU,2026-06-19T23:00:00.000Z,RAFIN ZURU,05,5f0f3d4b8f77bb3acad0a261,OLD ZIE,21/21/05/016,6a35d6f352574004bac516dc,72794,,,0,0,0,,0,0,0,,,0,0,0,0,0,0,0,0,0,0,0,0,0,0,0,0,0,0,0,0,0,0
Kebbi,ZURU,6a35d6ee52574004bac51620,House of Assemby election - 2026-06-20 - ZURU,2026-06-19T23:00:00.000Z,RAFIN ZURU,05,5f0f3d4b8f77bb3acad0a261,DAMBO GOMO,21/21/05/017,6a35d6f352574004bac516da,72795,,,0,0,0,,0,0,0,,,0,0,0,0,0,0,0,0,0,0,0,0,0,0,0,0,0,0,0,0,0,0
Kebbi,ZURU,6a35d6ee52574004bac51620,House of Assemby election - 2026-06-20 - ZURU,2026-06-19T23:00:00.000Z,RAFIN ZURU,05,5f0f3d4b8f77bb3acad0a261,ZANGO LANGARE,21/21/05/018,6a35d6f352574004bac516e2,72796,,,0,0,0,,0,0,0,,,0,0,0,0,0,0,0,0,0,0,0,0,0,0,0,0,0,0,0,0,0,0
Kebbi,ZURU,6a35d6ee52574004bac51620,House of Assemby election - 2026-06-20 - ZURU,2026-06-19T23:00:00.000Z,RAFIN ZURU,05,5f0f3d4b8f77bb3acad0a261,GARKAR MELI,21/21/05/019,6a35d6f352574004bac516ef,154314,,1781968194487,0,0,0,,0,0,0,,https://inc-s3-cache.incportals.com/cached/express/results/2990/22/468/5321/649603/38ca1365-f145-4cf2-a9f9-069739f81d8f.jpg,0,0,0,0,0,0,0,0,0,0,0,0,0,0,0,0,0,0,0,0,0,0
Kebbi,ZURU,6a35d6ee52574004bac51620,House of Assemby election - 2026-06-20 - ZURU,2026-06-19T23:00:00.000Z,RAFIN ZURU,05,5f0f3d4b8f77bb3acad0a261,GARKAR AUDU BENA,21/21/05/020,6a35d6f352574004bac516f8,154315,,,0,0,0,,0,0,0,,,0,0,0,0,0,0,0,0,0,0,0,0,0,0,0,0,0,0,0,0,0,0
Kebbi,ZURU,6a35d6ee52574004bac51620,House of Assemby election - 2026-06-20 - ZURU,2026-06-19T23:00:00.000Z,RAFIN ZURU,05,5f0f3d4b8f77bb3acad0a261,FAKAI GUEST HOUSE,21/21/05/021,6a35d6f352574004bac516eb,154316,,,0,0,0,,0,0,0,,,0,0,0,0,0,0,0,0,0,0,0,0,0,0,0,0,0,0,0,0,0,0
Kebbi,ZURU,6a35d6ee52574004bac51620,House of Assemby election - 2026-06-20 - ZURU,2026-06-19T23:00:00.000Z,RAFIN ZURU,05,5f0f3d4b8f77bb3acad0a261,GARKAR ALH. MUSA AGEGE,21/21/05/022,6a35d6f352574004bac516f0,154317,,,0,0,0,,0,0,0,,,0,0,0,0,0,0,0,0,0,0,0,0,0,0,0,0,0,0,0,0,0,0
Kebbi,ZURU,6a35d6ee52574004bac51620,House of Assemby election - 2026-06-20 - ZURU,2026-06-19T23:00:00.000Z,RAFIN ZURU,05,5f0f3d4b8f77bb3acad0a261,LATE ALH. ALMU RESIDENCE,21/21/05/023,6a35d6f352574004bac516fa,154318,,,0,0,0,,0,0,0,,,0,0,0,0,0,0,0,0,0,0,0,0,0,0,0,0,0,0,0,0,0,0
Kebbi,ZURU,6a35d6ee52574004bac51620,House of Assemby election - 2026-06-20 - ZURU,2026-06-19T23:00:00.000Z,RAFIN ZURU,05,5f0f3d4b8f77bb3acad0a261,WATER BOARD,21/21/05/024,6a35d6f352574004bac516f5,154319,,,0,0,0,,0,0,0,,,0,0,0,0,0,0,0,0,0,0,0,0,0,0,0,0,0,0,0,0,0,0
Kebbi,ZURU,6a35d6ee52574004bac51620,House of Assemby election - 2026-06-20 - ZURU,2026-06-19T23:00:00.000Z,RAFIN ZURU,05,5f0f3d4b8f77bb3acad0a261,UHOLA TUDUN WADA,21/21/05/025,6a35d6f352574004bac516e7,154320,,1781968189364,0,0,0,,0,0,0,,https://inc-s3-cache.incportals.com/cached/express/results/2990/22/468/5321/649609/57add274-98e2-47f0-ba93-9903be92a307.jpg,0,0,0,0,0,0,0,0,0,0,0,0,0,0,0,0,0,0,0,0,0,0
Kebbi,ZURU,6a35d6ee52574004bac51620,House of Assemby election - 2026-06-20 - ZURU,2026-06-19T23:00:00.000Z,RAFIN ZURU,05,5f0f3d4b8f77bb3acad0a261,GARKAN SALIHU SAKABA,21/21/05/026,6a35d6f352574004bac516e8,154321,,1781968156422,0,0,0,,0,0,0,,https://inc-s3-cache.incportals.com/cached/express/results/2990/22/468/5321/649610/9cdd1a94-ee88-4f76-8fba-c07079f11ba9.jpg,0,0,0,0,0,0,0,0,0,0,0,0,0,0,0,0,0,0,0,0,0,0
Kebbi,ZURU,6a35d6ee52574004bac51620,House of Assemby election - 2026-06-20 - ZURU,2026-06-19T23:00:00.000Z,RAFIN ZURU,05,5f0f3d4b8f77bb3acad0a261,GARKAR MAIBATALIYA,21/21/05/027,6a35d6f352574004bac516ee,154322,,1781973022276,0,0,0,,0,0,0,,https://inc-s3-cache.incportals.com/cached/express/results/2990/22/468/5321/649611/8ab4d112-f22c-40de-bf6c-c4a0df1d496a.jpg,0,0,0,0,0,0,0,0,0,0,0,0,0,0,0,0,0,0,0,0,0,0
Kebbi,ZURU,6a35d6ee52574004bac51620,House of Assemby election - 2026-06-20 - ZURU,2026-06-19T23:00:00.000Z,RAFIN ZURU,05,5f0f3d4b8f77bb3acad0a261,STATE LIBRARY,21/21/05/028,6a35d6f352574004bac516fd,154323,,,0,0,0,,0,0,0,,,0,0,0,0,0,0,0,0,0,0,0,0,0,0,0,0,0,0,0,0,0,0
Kebbi,ZURU,6a35d6ee52574004bac51620,House of Assemby election - 2026-06-20 - ZURU,2026-06-19T23:00:00.000Z,RAFIN ZURU,05,5f0f3d4b8f77bb3acad0a261,OPEN SPACE LATE GHANDI GANTA RESIDENCE,21/21/05/029,6a35d6f352574004bac516f2,154324,,1781973782548,0,0,0,,0,0,0,,https://inc-s3-cache.incportals.com/cached/express/results/2990/22/468/5321/649613/5a46d44f-ed7c-41a3-956b-83a5a7b4c9ef.jpg,0,0,0,0,0,0,0,0,0,0,0,0,0,0,0,0,0,0,0,0,0,0
Kebbi,ZURU,6a35d6ee52574004bac51620,House of Assemby election - 2026-06-20 - ZURU,2026-06-19T23:00:00.000Z,RAFIN ZURU,05,5f0f3d4b8f77bb3acad0a261,ZANGA I GG GOMO,21/21/05/030,6a35d6f352574004bac516ed,154325,,,0,0,0,,0,0,0,,,0,0,0,0,0,0,0,0,0,0,0,0,0,0,0,0,0,0,0,0,0,0
Kebbi,ZURU,6a35d6ee52574004bac51620,House of Assemby election - 2026-06-20 - ZURU,2026-06-19T23:00:00.000Z,RAFIN ZURU,05,5f0f3d4b8f77bb3acad0a261,TRAINING CENTER SABON KASUWA ZURU,21/21/05/031,6a35d6f352574004bac516f4,154326,,1781968254026,0,0,0,,0,0,0,,https://inc-s3-cache.incportals.com/cached/express/results/2990/22/468/5321/649615/8b8fc329-5147-48b3-87e8-1b28aa88993e.jpg,0,0,0,0,0,0,0,0,0,0,0,0,0,0,0,0,0,0,0,0,0,0
Kebbi,ZURU,6a35d6ee52574004bac51620,House of Assemby election - 2026-06-20 - ZURU,2026-06-19T23:00:00.000Z,RAFIN ZURU,05,5f0f3d4b8f77bb3acad0a261,GIDAN RADIO ZURU,21/21/05/032,6a35d6f352574004bac516f9,154327,,,0,0,0,,0,0,0,,,0,0,0,0,0,0,0,0,0,0,0,0,0,0,0,0,0,0,0,0,0,0
Kebbi,ZURU,6a35d6ee52574004bac51620,House of Assemby election - 2026-06-20 - ZURU,2026-06-19T23:00:00.000Z,RAFIN ZURU,05,5f0f3d4b8f77bb3acad0a261,KALHU,21/21/05/033,6a35d6f352574004bac516fb,154328,,,0,0,0,,0,0,0,,,0,0,0,0,0,0,0,0,0,0,0,0,0,0,0,0,0,0,0,0,0,0
Kebbi,ZURU,6a35d6ee52574004bac51620,House of Assemby election - 2026-06-20 - ZURU,2026-06-19T23:00:00.000Z,RAFIN ZURU,05,5f0f3d4b8f77bb3acad0a261,UNGUWAN SARKIN HAUSAWA,21/21/05/034,6a35d6f352574004bac516f1,154329,,,0,0,0,,0,0,0,,,0,0,0,0,0,0,0,0,0,0,0,0,0,0,0,0,0,0,0,0,0,0
Kebbi,ZURU,6a35d6ee52574004bac51620,House of Assemby election - 2026-06-20 - ZURU,2026-06-19T23:00:00.000Z,RAFIN ZURU,05,5f0f3d4b8f77bb3acad0a261,TASHAR RIMI ROUNDABOUT,21/21/05/035,6a35d6f352574004bac516ec,154330,,1781968174850,0,0,0,,0,0,0,,https://inc-s3-cache.incportals.com/cached/express/results/2990/22/468/5321/649619/8488e8f6-422d-4a92-be0c-17f5a44b9daa.jpg,0,0,0,0,0,0,0,0,0,0,0,0,0,0,0,0,0,0,0,0,0,0
Kebbi,ZURU,6a35d6ee52574004bac51620,House of Assemby election - 2026-06-20 - ZURU,2026-06-19T23:00:00.000Z,RAFIN ZURU,05,5f0f3d4b8f77bb3acad0a261,GARKAR WALI,21/21/05/036,6a35d6f352574004bac516ea,154331,,,0,0,0,,0,0,0,,,0,0,0,0,0,0,0,0,0,0,0,0,0,0,0,0,0,0,0,0,0,0
Kebbi,ZURU,6a35d6ee52574004bac51620,House of Assemby election - 2026-06-20 - ZURU,2026-06-19T23:00:00.000Z,RAFIN ZURU,05,5f0f3d4b8f77bb3acad0a261,MANGORORIN BYE PASS,21/21/05/037,6a35d6f352574004bac516fc,154332,,1781973706942,0,0,0,,0,0,0,,https://inc-s3-cache.incportals.com/cached/express/results/2990/22/468/5321/649621/46662bb5-b1ad-4763-942e-ed1fe0a5dbef.jpg,0,0,0,0,0,0,0,0,0,0,0,0,0,0,0,0,0,0,0,0,0,0
Kebbi,ZURU,6a35d6ee52574004bac51620,House of Assemby election - 2026-06-20 - ZURU,2026-06-19T23:00:00.000Z,RAFIN ZURU,05,5f0f3d4b8f77bb3acad0a261,NAGWANDU OVERHEAD TANK,21/21/05/038,6a35d6f352574004bac516f6,154333,,,0,0,0,,0,0,0,,,0,0,0,0,0,0,0,0,0,0,0,0,0,0,0,0,0,0,0,0,0,0
Kebbi,ZURU,6a35d6ee52574004bac51620,House of Assemby election - 2026-06-20 - ZURU,2026-06-19T23:00:00.000Z,RAFIN ZURU,05,5f0f3d4b8f77bb3acad0a261,LATE UMARU MATO RESIDENCE,21/21/05/039,6a35d6f352574004bac516fe,154334,,,0,0,0,,0,0,0,,,0,0,0,0,0,0,0,0,0,0,0,0,0,0,0,0,0,0,0,0,0,0
Kebbi,ZURU,6a35d6ee52574004bac51620,House of Assemby election - 2026-06-20 - ZURU,2026-06-19T23:00:00.000Z,RAFIN ZURU,05,5f0f3d4b8f77bb3acad0a261,OPEN SPACE GARKAN MANU GWALLI,21/21/05/040,6a35d6f352574004bac516ff,154335,,1781969587582,0,0,0,,0,0,0,,https://inc-s3-cache.incportals.com/cached/express/results/2990/22/468/5321/649624/b55022e4-a4c0-45c1-a748-051a36676190.jpg,0,0,0,0,0,0,0,0,0,0,0,0,0,0,0,0,0,0,0,0,0,0
Kebbi,ZURU,6a35d6ee52574004bac51620,House of Assemby election - 2026-06-20 - ZURU,2026-06-19T23:00:00.000Z,RAFIN ZURU,05,5f0f3d4b8f77bb3acad0a261,DOGA,21/21/05/041,6a35d6f352574004bac516e3,154336,,,0,0,0,,0,0,0,,,0,0,0,0,0,0,0,0,0,0,0,0,0,0,0,0,0,0,0,0,0,0
Kebbi,ZURU,6a35d6ee52574004bac51620,House of Assemby election - 2026-06-20 - ZURU,2026-06-19T23:00:00.000Z,RAFIN ZURU,05,5f0f3d4b8f77bb3acad0a261,RAFIN MOSE DISPENSARY,21/21/05/042,6a35d6f352574004bac516e4,154337,,,0,0,0,,0,0,0,,,0,0,0,0,0,0,0,0,0,0,0,0,0,0,0,0,0,0,0,0,0,0
Kebbi,ZURU,6a35d6ee52574004bac51620,House of Assemby election - 2026-06-20 - ZURU,2026-06-19T23:00:00.000Z,RAFIN ZURU,05,5f0f3d4b8f77bb3acad0a261,ZANGA III SHALA,21/21/05/043,6a35d6f352574004bac516f7,154338,,,0,0,0,,0,0,0,,,0,0,0,0,0,0,0,0,0,0,0,0,0,0,0,0,0,0,0,0,0,0
Kebbi,ZURU,6a35d6ee52574004bac51620,House of Assemby election - 2026-06-20 - ZURU,2026-06-19T23:00:00.000Z,RAFIN ZURU,05,5f0f3d4b8f77bb3acad0a261,LOW COST,21/21/05/044,6a35d6f352574004bac516e9,154339,,1781969225845,0,0,0,,0,0,0,,https://inc-s3-cache.incportals.com/cached/express/results/2990/22/468/5321/649628/33027a4f-5cca-4b2d-bd3c-8787dafcb35f.jpg,0,0,0,0,0,0,0,0,0,0,0,0,0,0,0,0,0,0,0,0,0,0
Kebbi,ZURU,6a35d6ee52574004bac51620,House of Assemby election - 2026-06-20 - ZURU,2026-06-19T23:00:00.000Z,RAFIN ZURU,05,5f0f3d4b8f77bb3acad0a261,ZANGA II BABA GWENTA,21/21/05/045,6a35d6f352574004bac516e6,154340,,,0,0,0,,0,0,0,,,0,0,0,0,0,0,0,0,0,0,0,0,0,0,0,0,0,0,0,0,0,0
Kebbi,ZURU,6a35d6ee52574004bac51620,House of Assemby election - 2026-06-20 - ZURU,2026-06-19T23:00:00.000Z,RAFIN ZURU,05,5f0f3d4b8f77bb3acad0a261,MANGORORIN DAMBO GOMO,21/21/05/046,6a35d6f352574004bac516e5,154341,,,0,0,0,,0,0,0,,,0,0,0,0,0,0,0,0,0,0,0,0,0,0,0,0,0,0,0,0,0,0
Kebbi,ZURU,6a35d6ee52574004bac51620,House of Assemby election - 2026-06-20 - ZURU,2026-06-19T23:00:00.000Z,RAFIN ZURU,05,5f0f3d4b8f77bb3acad0a261,GARKAR JIBO INEC,21/21/05/047,6a35d6f352574004bac516f3,154342,1781968146860.0,1781968146231,750,51,4,6a36ad1252b6362accb5c5c0,51,750,47,,https://inc-s3-cache.incportals.com/cached/express/results/2990/22/468/5321/649631/3a6e3ced-d974-48d0-b5f9-779f0faba39c.jpg,0,0,0,0,0,44,0,0,0,0,0,3,0,0,0,0,0,0,0,0,0,0
Kebbi,ZURU,6a35d6ee52574004bac51620,House of Assemby election - 2026-06-20 - ZURU,2026-06-19T23:00:00.000Z,RIKOTO,06,5f0f3d4b8f77bb3acad0a262,G/KIRSO,21/21/06/001,6a35d6f352574004bac516a4,72797,,1781968195066,0,0,0,,0,0,0,,https://inc-s3-cache.incportals.com/cached/express/results/2990/22/468/5322/72101/aed6f9f9-e9ac-41c6-8c7c-dff0732f535b.jpg,0,0,0,0,0,0,0,0,0,0,0,0,0,0,0,0,0,0,0,0,0,0
Kebbi,ZURU,6a35d6ee52574004bac51620,House of Assemby election - 2026-06-20 - ZURU,2026-06-19T23:00:00.000Z,RIKOTO,06,5f0f3d4b8f77bb3acad0a262,G/S/BUNU 'A',21/21/06/002,6a35d6f352574004bac5169e,72798,,,0,0,0,,0,0,0,,,0,0,0,0,0,0,0,0,0,0,0,0,0,0,0,0,0,0,0,0,0,0
Kebbi,ZURU,6a35d6ee52574004bac51620,House of Assemby election - 2026-06-20 - ZURU,2026-06-19T23:00:00.000Z,RIKOTO,06,5f0f3d4b8f77bb3acad0a262,G/S/BUNU,21/21/06/003,6a35d6f352574004bac516a1,72799,,,0,0,0,,0,0,0,,,0,0,0,0,0,0,0,0,0,0,0,0,0,0,0,0,0,0,0,0,0,0
Kebbi,ZURU,6a35d6ee52574004bac51620,House of Assemby election - 2026-06-20 - ZURU,2026-06-19T23:00:00.000Z,RIKOTO,06,5f0f3d4b8f77bb3acad0a262,TUDUN WADA P.S. (G/R.S MAIDAWA),21/21/06/004,6a35d6f352574004bac516a0,72800,,,0,0,0,,0,0,0,,,0,0,0,0,0,0,0,0,0,0,0,0,0,0,0,0,0,0,0,0,0,0
Kebbi,ZURU,6a35d6ee52574004bac51620,House of Assemby election - 2026-06-20 - ZURU,2026-06-19T23:00:00.000Z,RIKOTO,06,5f0f3d4b8f77bb3acad0a262,G/S/RIKOTO,21/21/06/005,6a35d6f352574004bac516a3,72801,,,0,0,0,,0,0,0,,,0,0,0,0,0,0,0,0,0,0,0,0,0,0,0,0,0,0,0,0,0,0
Kebbi,ZURU,6a35d6ee52574004bac51620,House of Assemby election - 2026-06-20 - ZURU,2026-06-19T23:00:00.000Z,RIKOTO,06,5f0f3d4b8f77bb3acad0a262,S/G/RIKOTO PRIMARY SCHOOL,21/21/06/006,6a35d6f352574004bac5169f,72802,,1781968193424,0,0,0,,0,0,0,,https://inc-s3-cache.incportals.com/cached/express/results/2990/22/468/5322/72106/3bcffcde-7421-424c-ad32-e746c01f6dfe.jpg,0,0,0,0,0,0,0,0,0,0,0,0,0,0,0,0,0,0,0,0,0,0
Kebbi,ZURU,6a35d6ee52574004bac51620,House of Assemby election - 2026-06-20 - ZURU,2026-06-19T23:00:00.000Z,RIKOTO,06,5f0f3d4b8f77bb3acad0a262,TWINS QUARTERS,21/21/06/007,6a35d6f352574004bac5169d,72803,,,0,0,0,,0,0,0,,,0,0,0,0,0,0,0,0,0,0,0,0,0,0,0,0,0,0,0,0,0,0
Kebbi,ZURU,6a35d6ee52574004bac51620,House of Assemby election - 2026-06-20 - ZURU,2026-06-19T23:00:00.000Z,RIKOTO,06,5f0f3d4b8f77bb3acad0a262,VET. CLINIC,21/21/06/008,6a35d6f352574004bac516a2,72804,,,0,0,0,,0,0,0,,,0,0,0,0,0,0,0,0,0,0,0,0,0,0,0,0,0,0,0,0,0,0
Kebbi,ZURU,6a35d6ee52574004bac51620,House of Assemby election - 2026-06-20 - ZURU,2026-06-19T23:00:00.000Z,RIKOTO,06,5f0f3d4b8f77bb3acad0a262,TUNGAR DORO,21/21/06/009,6a35d6f352574004bac5169c,72805,,,0,0,0,,0,0,0,,,0,0,0,0,0,0,0,0,0,0,0,0,0,0,0,0,0,0,0,0,0,0
Kebbi,ZURU,6a35d6ee52574004bac51620,House of Assemby election - 2026-06-20 - ZURU,2026-06-19T23:00:00.000Z,RIKOTO,06,5f0f3d4b8f77bb3acad0a262,PHC RIKOTO,21/21/06/010,6a35d6f352574004bac516ac,154343,,,0,0,0,,0,0,0,,,0,0,0,0,0,0,0,0,0,0,0,0,0,0,0,0,0,0,0,0,0,0
Kebbi,ZURU,6a35d6ee52574004bac51620,House of Assemby election - 2026-06-20 - ZURU,2026-06-19T23:00:00.000Z,RIKOTO,06,5f0f3d4b8f77bb3acad0a262,SAFIYANU UNIT OPEN SPACE,21/21/06/011,6a35d6f352574004bac516b6,154344,,,0,0,0,,0,0,0,,,0,0,0,0,0,0,0,0,0,0,0,0,0,0,0,0,0,0,0,0,0,0
Kebbi,ZURU,6a35d6ee52574004bac51620,House of Assemby election - 2026-06-20 - ZURU,2026-06-19T23:00:00.000Z,RIKOTO,06,5f0f3d4b8f77bb3acad0a262,UNGUWAR SABA (OPEN SPACE),21/21/06/012,6a35d6f352574004bac516a9,154345,,,0,0,0,,0,0,0,,,0,0,0,0,0,0,0,0,0,0,0,0,0,0,0,0,0,0,0,0,0,0
Kebbi,ZURU,6a35d6ee52574004bac51620,House of Assemby election - 2026-06-20 - ZURU,2026-06-19T23:00:00.000Z,RIKOTO,06,5f0f3d4b8f77bb3acad0a262,GIDAN KIFI,21/21/06/013,6a35d6f352574004bac516a5,154346,,1781970500848,0,0,0,,0,0,0,,https://inc-s3-cache.incportals.com/cached/express/results/2990/22/468/5322/649635/7f0b0537-5554-48a2-8620-fedf7ed7c285.jpg,0,0,0,0,0,0,0,0,0,0,0,0,0,0,0,0,0,0,0,0,0,0
Kebbi,ZURU,6a35d6ee52574004bac51620,House of Assemby election - 2026-06-20 - ZURU,2026-06-19T23:00:00.000Z,RIKOTO,06,5f0f3d4b8f77bb3acad0a262,ZONAL H/COURT RIKOTO,21/21/06/014,6a35d6f352574004bac516a6,154347,,,0,0,0,,0,0,0,,,0,0,0,0,0,0,0,0,0,0,0,0,0,0,0,0,0,0,0,0,0,0
Kebbi,ZURU,6a35d6ee52574004bac51620,House of Assemby election - 2026-06-20 - ZURU,2026-06-19T23:00:00.000Z,RIKOTO,06,5f0f3d4b8f77bb3acad0a262,TOKO MAGAJI PRI. SCHOOL,21/21/06/015,6a35d6f352574004bac516b4,154348,,1781972644907,0,0,0,,0,0,0,,https://inc-s3-cache.incportals.com/cached/express/results/2990/22/468/5322/649637/72232449-9049-4906-9bc4-9373fc982070.jpg,0,0,0,0,0,0,0,0,0,0,0,0,0,0,0,0,0,0,0,0,0,0
Kebbi,ZURU,6a35d6ee52574004bac51620,House of Assemby election - 2026-06-20 - ZURU,2026-06-19T23:00:00.000Z,RIKOTO,06,5f0f3d4b8f77bb3acad0a262,TUDUN WADA PRIMARY SCHOOL A,21/21/06/016,6a35d6f352574004bac516b1,154349,,1781973941634,0,0,0,,0,0,0,,https://inc-s3-cache.incportals.com/cached/express/results/2990/22/468/5322/649638/ef2c4795-dfe4-4780-bfd6-0deb7289aaa6.jpg,0,0,0,0,0,0,0,0,0,0,0,0,0,0,0,0,0,0,0,0,0,0
Kebbi,ZURU,6a35d6ee52574004bac51620,House of Assemby election - 2026-06-20 - ZURU,2026-06-19T23:00:00.000Z,RIKOTO,06,5f0f3d4b8f77bb3acad0a262,TUDUN WADA PRIMARY SCHOOL B,21/21/06/017,6a35d6f352574004bac516b7,154350,,,0,0,0,,0,0,0,,,0,0,0,0,0,0,0,0,0,0,0,0,0,0,0,0,0,0,0,0,0,0
Kebbi,ZURU,6a35d6ee52574004bac51620,House of Assemby election - 2026-06-20 - ZURU,2026-06-19T23:00:00.000Z,RIKOTO,06,5f0f3d4b8f77bb3acad0a262,BORE HOLE S/RIKOTO,21/21/06/018,6a35d6f352574004bac516ad,154351,,,0,0,0,,0,0,0,,,0,0,0,0,0,0,0,0,0,0,0,0,0,0,0,0,0,0,0,0,0,0
Kebbi,ZURU,6a35d6ee52574004bac51620,House of Assemby election - 2026-06-20 - ZURU,2026-06-19T23:00:00.000Z,RIKOTO,06,5f0f3d4b8f77bb3acad0a262,UNGUWAR KONGO GALADIMA (OPEN SPACE),21/21/06/019,6a35d6f352574004bac516af,154352,,,0,0,0,,0,0,0,,,0,0,0,0,0,0,0,0,0,0,0,0,0,0,0,0,0,0,0,0,0,0
Kebbi,ZURU,6a35d6ee52574004bac51620,House of Assemby election - 2026-06-20 - ZURU,2026-06-19T23:00:00.000Z,RIKOTO,06,5f0f3d4b8f77bb3acad0a262,UNG HIGH COURT,21/21/06/020,6a35d6f352574004bac516b0,154353,,,0,0,0,,0,0,0,,,0,0,0,0,0,0,0,0,0,0,0,0,0,0,0,0,0,0,0,0,0,0
Kebbi,ZURU,6a35d6ee52574004bac51620,House of Assemby election - 2026-06-20 - ZURU,2026-06-19T23:00:00.000Z,RIKOTO,06,5f0f3d4b8f77bb3acad0a262,GOVT DAY S/SCHOOL RIKOTO,21/21/06/021,6a35d6f352574004bac516b5,154354,,,0,0,0,,0,0,0,,,0,0,0,0,0,0,0,0,0,0,0,0,0,0,0,0,0,0,0,0,0,0
Kebbi,ZURU,6a35d6ee52574004bac51620,House of Assemby election - 2026-06-20 - ZURU,2026-06-19T23:00:00.000Z,RIKOTO,06,5f0f3d4b8f77bb3acad0a262,UNG WANDA (KWATA),21/21/06/022,6a35d6f352574004bac516b3,154355,,,0,0,0,,0,0,0,,,0,0,0,0,0,0,0,0,0,0,0,0,0,0,0,0,0,0,0,0,0,0
Kebbi,ZURU,6a35d6ee52574004bac51620,House of Assemby election - 2026-06-20 - ZURU,2026-06-19T23:00:00.000Z,RIKOTO,06,5f0f3d4b8f77bb3acad0a262,RIKOTO COPERS LODGE,21/21/06/023,6a35d6f352574004bac516aa,154356,,,0,0,0,,0,0,0,,,0,0,0,0,0,0,0,0,0,0,0,0,0,0,0,0,0,0,0,0,0,0
Kebbi,ZURU,6a35d6ee52574004bac51620,House of Assemby election - 2026-06-20 - ZURU,2026-06-19T23:00:00.000Z,RIKOTO,06,5f0f3d4b8f77bb3acad0a262,RIKOTO PRIMARY SCHOOL,21/21/06/024,6a35d6f352574004bac516b2,154357,,,0,0,0,,0,0,0,,,0,0,0,0,0,0,0,0,0,0,0,0,0,0,0,0,0,0,0,0,0,0
Kebbi,ZURU,6a35d6ee52574004bac51620,House of Assemby election - 2026-06-20 - ZURU,2026-06-19T23:00:00.000Z,RIKOTO,06,5f0f3d4b8f77bb3acad0a262,PRIMARY EDU. BOARD,21/21/06/025,6a35d6f352574004bac516a7,154358,,,0,0,0,,0,0,0,,,0,0,0,0,0,0,0,0,0,0,0,0,0,0,0,0,0,0,0,0,0,0
Kebbi,ZURU,6a35d6ee52574004bac51620,House of Assemby election - 2026-06-20 - ZURU,2026-06-19T23:00:00.000Z,RIKOTO,06,5f0f3d4b8f77bb3acad0a262,GARKAR SIDDI M GORORI (OPEN SPACE),21/21/06/026,6a35d6f352574004bac516ae,154359,,1781968865745,0,0,0,,0,0,0,,https://inc-s3-cache.incportals.com/cached/express/results/2990/22/468/5322/649648/b23da184-efa9-49ae-92eb-a2ecccf23c8b.jpg,0,0,0,0,0,0,0,0,0,0,0,0,0,0,0,0,0,0,0,0,0,0
Kebbi,ZURU,6a35d6ee52574004bac51620,House of Assemby election - 2026-06-20 - ZURU,2026-06-19T23:00:00.000Z,RIKOTO,06,5f0f3d4b8f77bb3acad0a262,ZONAL VET CLINIC,21/21/06/027,6a35d6f352574004bac516ab,154360,,,0,0,0,,0,0,0,,,0,0,0,0,0,0,0,0,0,0,0,0,0,0,0,0,0,0,0,0,0,0
Kebbi,ZURU,6a35d6ee52574004bac51620,House of Assemby election - 2026-06-20 - ZURU,2026-06-19T23:00:00.000Z,RIKOTO,06,5f0f3d4b8f77bb3acad0a262,T/DORO PRIMARY SCHOOL,21/21/06/028,6a35d6f352574004bac516a8,154361,1781969591533.0,1781969590981,748,27,0,6a36b2b752b6362accb5ccb6,25,374,25,,https://inc-s3-cache.incportals.com/cached/express/results/2990/22/468/5322/649650/e86fa249-37e6-4935-8fe9-f228a050fc10.jpg,0,0,0,0,0,24,0,0,0,0,0,1,0,0,0,0,0,0,0,0,0,0
Kebbi,ZURU,6a35d6ee52574004bac51620,House of Assemby election - 2026-06-20 - ZURU,2026-06-19T23:00:00.000Z,RUMU/DABEN/SEME,07,5f0f3d4c8f77bb3acad0a263,DABAN SEME FADA,21/21/07/001,6a35d6f352574004bac51697,72806,,1781970513318,0,0,0,,0,0,0,,https://inc-s3-cache.incportals.com/cached/express/results/2990/22/468/5323/72110/59975ccd-7c7e-4047-8756-bfb53ca4ae56.jpg,0,0,0,0,0,0,0,0,0,0,0,0,0,0,0,0,0,0,0,0,0,0
Kebbi,ZURU,6a35d6ee52574004bac51620,House of Assemby election - 2026-06-20 - ZURU,2026-06-19T23:00:00.000Z,RUMU/DABEN/SEME,07,5f0f3d4c8f77bb3acad0a263,RUMU FADA,21/21/07/002,6a35d6f352574004bac51692,72807,,1781968291833,0,0,0,,0,0,0,,https://inc-s3-cache.incportals.com/cached/express/results/2990/22/468/5323/72111/90063bf8-9584-4e4d-a710-2b30f45ad67d.jpg,0,0,0,0,0,0,0,0,0,0,0,0,0,0,0,0,0,0,0,0,0,0
Kebbi,ZURU,6a35d6ee52574004bac51620,House of Assemby election - 2026-06-20 - ZURU,2026-06-19T23:00:00.000Z,RUMU/DABEN/SEME,07,5f0f3d4c8f77bb3acad0a263,S/DUTSE PRIMARY SCHOOL,21/21/07/003,6a35d6f352574004bac51691,72808,,,0,0,0,,0,0,0,,,0,0,0,0,0,0,0,0,0,0,0,0,0,0,0,0,0,0,0,0,0,0
Kebbi,ZURU,6a35d6ee52574004bac51620,House of Assemby election - 2026-06-20 - ZURU,2026-06-19T23:00:00.000Z,RUMU/DABEN/SEME,07,5f0f3d4c8f77bb3acad0a263,DELEMBO,21/21/07/004,6a35d6f352574004bac51696,72809,,1781973573462,0,0,0,,0,0,0,,https://inc-s3-cache.incportals.com/cached/express/results/2990/22/468/5323/72113/33106edb-5647-43fa-b48e-b3fcb902116f.jpg,0,0,0,0,0,0,0,0,0,0,0,0,0,0,0,0,0,0,0,0,0,0
Kebbi,ZURU,6a35d6ee52574004bac51620,House of Assemby election - 2026-06-20 - ZURU,2026-06-19T23:00:00.000Z,RUMU/DABEN/SEME,07,5f0f3d4c8f77bb3acad0a263,UNG/UKWARI,21/21/07/005,6a35d6f352574004bac51695,72810,,,0,0,0,,0,0,0,,,0,0,0,0,0,0,0,0,0,0,0,0,0,0,0,0,0,0,0,0,0,0
Kebbi,ZURU,6a35d6ee52574004bac51620,House of Assemby election - 2026-06-20 - ZURU,2026-06-19T23:00:00.000Z,RUMU/DABEN/SEME,07,5f0f3d4c8f77bb3acad0a263,DEHERGE,21/21/07/006,6a35d6f352574004bac51693,72811,,1781968296517,0,0,0,,0,0,0,,https://inc-s3-cache.incportals.com/cached/express/results/2990/22/468/5323/72115/e587a5ae-d607-4427-afc8-730d18d311ec.jpg,0,0,0,0,0,0,0,0,0,0,0,0,0,0,0,0,0,0,0,0,0,0
Kebbi,ZURU,6a35d6ee52574004bac51620,House of Assemby election - 2026-06-20 - ZURU,2026-06-19T23:00:00.000Z,RUMU/DABEN/SEME,07,5f0f3d4c8f77bb3acad0a263,UZOGU,21/21/07/007,6a35d6f352574004bac51694,72812,,,0,0,0,,0,0,0,,,0,0,0,0,0,0,0,0,0,0,0,0,0,0,0,0,0,0,0,0,0,0
Kebbi,ZURU,6a35d6ee52574004bac51620,House of Assemby election - 2026-06-20 - ZURU,2026-06-19T23:00:00.000Z,RUMU/DABEN/SEME,07,5f0f3d4c8f77bb3acad0a263,ZOMZOMO PRIMARY SCHOOL,21/21/07/008,6a35d6f352574004bac51699,154362,,1781973922874,0,0,0,,0,0,0,,https://inc-s3-cache.incportals.com/cached/express/results/2990/22/468/5323/649651/37e537d6-0bf0-49c9-9840-ff72f3e47d72.jpg,0,0,0,0,0,0,0,0,0,0,0,0,0,0,0,0,0,0,0,0,0,0
Kebbi,ZURU,6a35d6ee52574004bac51620,House of Assemby election - 2026-06-20 - ZURU,2026-06-19T23:00:00.000Z,RUMU/DABEN/SEME,07,5f0f3d4c8f77bb3acad0a263,GARKAN MAI UNGUWAN DEGA,21/21/07/009,6a35d6f352574004bac5169b,154363,,1781968180110,0,0,0,,0,0,0,,https://inc-s3-cache.incportals.com/cached/express/results/2990/22/468/5323/649652/efd6c995-fd91-4731-86f9-bce618aeb6de.jpg,0,0,0,0,0,0,0,0,0,0,0,0,0,0,0,0,0,0,0,0,0,0
Kebbi,ZURU,6a35d6ee52574004bac51620,House of Assemby election - 2026-06-20 - ZURU,2026-06-19T23:00:00.000Z,RUMU/DABEN/SEME,07,5f0f3d4c8f77bb3acad0a263,GARKAN SARKIN RUMU,21/21/07/010,6a35d6f352574004bac51698,154364,,,0,0,0,,0,0,0,,,0,0,0,0,0,0,0,0,0,0,0,0,0,0,0,0,0,0,0,0,0,0
Kebbi,ZURU,6a35d6ee52574004bac51620,House of Assemby election - 2026-06-20 - ZURU,2026-06-19T23:00:00.000Z,RUMU/DABEN/SEME,07,5f0f3d4c8f77bb3acad0a263,S/ GARIN RUMU SKILL AQUIST. CENTER,21/21/07/011,6a35d6f352574004bac5169a,154365,,,0,0,0,,0,0,0,,,0,0,0,0,0,0,0,0,0,0,0,0,0,0,0,0,0,0,0,0,0,0
Kebbi,ZURU,6a35d6ee52574004bac51620,House of Assemby election - 2026-06-20 - ZURU,2026-06-19T23:00:00.000Z,SENCHI,08,5f0f3d4c8f77bb3acad0a264,GAMJI PRIMARY SCHOOL 'A',21/21/08/001,6a35d6f352574004bac51673,72813,,,0,0,0,,0,0,0,,,0,0,0,0,0,0,0,0,0,0,0,0,0,0,0,0,0,0,0,0,0,0
Kebbi,ZURU,6a35d6ee52574004bac51620,House of Assemby election - 2026-06-20 - ZURU,2026-06-19T23:00:00.000Z,SENCHI,08,5f0f3d4c8f77bb3acad0a264,SENCHI PRIMARY SCHOOL,21/21/08/002,6a35d6f352574004bac51672,72814,,,0,0,0,,0,0,0,,,0,0,0,0,0,0,0,0,0,0,0,0,0,0,0,0,0,0,0,0,0,0
Kebbi,ZURU,6a35d6ee52574004bac51620,House of Assemby election - 2026-06-20 - ZURU,2026-06-19T23:00:00.000Z,SENCHI,08,5f0f3d4c8f77bb3acad0a264,T/BAHAGO,21/21/08/003,6a35d6f352574004bac51678,72815,,1781971026614,0,0,0,,0,0,0,,https://inc-s3-cache.incportals.com/cached/express/results/2990/22/468/5324/72119/0013f331-9dcb-4a8c-a554-ad46f5e41d63.jpg,0,0,0,0,0,0,0,0,0,0,0,0,0,0,0,0,0,0,0,0,0,0
Kebbi,ZURU,6a35d6ee52574004bac51620,House of Assemby election - 2026-06-20 - ZURU,2026-06-19T23:00:00.000Z,SENCHI,08,5f0f3d4c8f77bb3acad0a264,T/KIBIYA,21/21/08/004,6a35d6f352574004bac51677,72816,,,0,0,0,,0,0,0,,,0,0,0,0,0,0,0,0,0,0,0,0,0,0,0,0,0,0,0,0,0,0
Kebbi,ZURU,6a35d6ee52574004bac51620,House of Assemby election - 2026-06-20 - ZURU,2026-06-19T23:00:00.000Z,SENCHI,08,5f0f3d4c8f77bb3acad0a264,T/RIMI,21/21/08/005,6a35d6f352574004bac51675,72817,,,0,0,0,,0,0,0,,,0,0,0,0,0,0,0,0,0,0,0,0,0,0,0,0,0,0,0,0,0,0
Kebbi,ZURU,6a35d6ee52574004bac51620,House of Assemby election - 2026-06-20 - ZURU,2026-06-19T23:00:00.000Z,SENCHI,08,5f0f3d4c8f77bb3acad0a264,UNG. DUDU,21/21/08/006,6a35d6f352574004bac51670,72818,,,0,0,0,,0,0,0,,,0,0,0,0,0,0,0,0,0,0,0,0,0,0,0,0,0,0,0,0,0,0
Kebbi,ZURU,6a35d6ee52574004bac51620,House of Assemby election - 2026-06-20 - ZURU,2026-06-19T23:00:00.000Z,SENCHI,08,5f0f3d4c8f77bb3acad0a264,UNG. DUDU RITTI,21/21/08/007,6a35d6f352574004bac51676,72819,,,0,0,0,,0,0,0,,,0,0,0,0,0,0,0,0,0,0,0,0,0,0,0,0,0,0,0,0,0,0
Kebbi,ZURU,6a35d6ee52574004bac51620,House of Assemby election - 2026-06-20 - ZURU,2026-06-19T23:00:00.000Z,SENCHI,08,5f0f3d4c8f77bb3acad0a264,UNG/KUDUN GALADIMA,21/21/08/008,6a35d6f352574004bac51674,72820,,,0,0,0,,0,0,0,,,0,0,0,0,0,0,0,0,0,0,0,0,0,0,0,0,0,0,0,0,0,0
Kebbi,ZURU,6a35d6ee52574004bac51620,House of Assemby election - 2026-06-20 - ZURU,2026-06-19T23:00:00.000Z,SENCHI,08,5f0f3d4c8f77bb3acad0a264,UNG. KWALI DANDARESO,21/21/08/009,6a35d6f352574004bac51671,72821,,,0,0,0,,0,0,0,,,0,0,0,0,0,0,0,0,0,0,0,0,0,0,0,0,0,0,0,0,0,0
Kebbi,ZURU,6a35d6ee52574004bac51620,House of Assemby election - 2026-06-20 - ZURU,2026-06-19T23:00:00.000Z,SENCHI,08,5f0f3d4c8f77bb3acad0a264,SEMKOMOH PRI SCH,21/21/08/010,6a35d6f352574004bac5167e,154366,,,0,0,0,,0,0,0,,,0,0,0,0,0,0,0,0,0,0,0,0,0,0,0,0,0,0,0,0,0,0
Kebbi,ZURU,6a35d6ee52574004bac51620,House of Assemby election - 2026-06-20 - ZURU,2026-06-19T23:00:00.000Z,SENCHI,08,5f0f3d4c8f77bb3acad0a264,UROPHO PRI SCH,21/21/08/011,6a35d6f352574004bac5167c,154367,,1781974090745,0,0,0,,0,0,0,,https://inc-s3-cache.incportals.com/cached/express/results/2990/22/468/5324/649656/f26ce412-f5f7-495f-81ee-072fe4d72159.jpg,0,0,0,0,0,0,0,0,0,0,0,0,0,0,0,0,0,0,0,0,0,0
Kebbi,ZURU,6a35d6ee52574004bac51620,House of Assemby election - 2026-06-20 - ZURU,2026-06-19T23:00:00.000Z,SENCHI,08,5f0f3d4c8f77bb3acad0a264,MAMA ARZIKI COMP SEC SCH,21/21/08/012,6a35d6f352574004bac5167f,154368,,1781969589958,0,0,0,,0,0,0,,https://inc-s3-cache.incportals.com/cached/express/results/2990/22/468/5324/649657/f40810c7-32f5-4a9a-ac97-962fe16274cc.jpg,0,0,0,0,0,0,0,0,0,0,0,0,0,0,0,0,0,0,0,0,0,0
Kebbi,ZURU,6a35d6ee52574004bac51620,House of Assemby election - 2026-06-20 - ZURU,2026-06-19T23:00:00.000Z,SENCHI,08,5f0f3d4c8f77bb3acad0a264,TUNGAR BAHAGO DISPANSORY,21/21/08/013,6a35d6f352574004bac5167d,154369,,1781970495058,0,0,0,,0,0,0,,https://inc-s3-cache.incportals.com/cached/express/results/2990/22/468/5324/649658/3f72ba11-2c82-45dd-87c5-96d03d89795b.jpg,0,0,0,0,0,0,0,0,0,0,0,0,0,0,0,0,0,0,0,0,0,0
Kebbi,ZURU,6a35d6ee52574004bac51620,House of Assemby election - 2026-06-20 - ZURU,2026-06-19T23:00:00.000Z,SENCHI,08,5f0f3d4c8f77bb3acad0a264,CHWAMARNA PRIM SCHOOL,21/21/08/014,6a35d6f352574004bac5167b,154370,,,0,0,0,,0,0,0,,,0,0,0,0,0,0,0,0,0,0,0,0,0,0,0,0,0,0,0,0,0,0
Kebbi,ZURU,6a35d6ee52574004bac51620,House of Assemby election - 2026-06-20 - ZURU,2026-06-19T23:00:00.000Z,SENCHI,08,5f0f3d4c8f77bb3acad0a264,UNGUWAN DAMISA PRIMARY SCHOOL,21/21/08/015,6a35d6f352574004bac5167a,154371,,1781968206049,0,0,0,,0,0,0,,https://inc-s3-cache.incportals.com/cached/express/results/2990/22/468/5324/675487/b7f28406-55de-40df-ba16-287574920402.jpg,0,0,0,0,0,0,0,0,0,0,0,0,0,0,0,0,0,0,0,0,0,0
Kebbi,ZURU,6a35d6ee52574004bac51620,House of Assemby election - 2026-06-20 - ZURU,2026-06-19T23:00:00.000Z,SENCHI,08,5f0f3d4c8f77bb3acad0a264,BADURU PRIMARY SCHOOL,21/21/08/016,6a35d6f352574004bac51679,154372,,,0,0,0,,0,0,0,,,0,0,0,0,0,0,0,0,0,0,0,0,0,0,0,0,0,0,0,0,0,0
Kebbi,ZURU,6a35d6ee52574004bac51620,House of Assemby election - 2026-06-20 - ZURU,2026-06-19T23:00:00.000Z,TADURGA,09,5f0f3d4c8f77bb3acad0a265,BERE UNG. KUDU,21/21/09/001,6a35d6f352574004bac51668,72822,,,0,0,0,,0,0,0,,,0,0,0,0,0,0,0,0,0,0,0,0,0,0,0,0,0,0,0,0,0,0
Kebbi,ZURU,6a35d6ee52574004bac51620,House of Assemby election - 2026-06-20 - ZURU,2026-06-19T23:00:00.000Z,TADURGA,09,5f0f3d4c8f77bb3acad0a265,JIKKA,21/21/09/002,6a35d6f352574004bac51666,72823,,,0,0,0,,0,0,0,,,0,0,0,0,0,0,0,0,0,0,0,0,0,0,0,0,0,0,0,0,0,0
Kebbi,ZURU,6a35d6ee52574004bac51620,House of Assemby election - 2026-06-20 - ZURU,2026-06-19T23:00:00.000Z,TADURGA,09,5f0f3d4c8f77bb3acad0a265,MAIKAHO,21/21/09/003,6a35d6f352574004bac51664,72824,,,0,0,0,,0,0,0,,,0,0,0,0,0,0,0,0,0,0,0,0,0,0,0,0,0,0,0,0,0,0
Kebbi,ZURU,6a35d6ee52574004bac51620,House of Assemby election - 2026-06-20 - ZURU,2026-06-19T23:00:00.000Z,TADURGA,09,5f0f3d4c8f77bb3acad0a265,RAFIN GOMO,21/21/09/004,6a35d6f352574004bac51669,72825,,1781968259022,0,0,0,,0,0,0,,https://inc-s3-cache.incportals.com/cached/express/results/2990/22/468/5325/72129/f52c739e-2547-42a4-b71d-2e52f593c0b5.jpg,0,0,0,0,0,0,0,0,0,0,0,0,0,0,0,0,0,0,0,0,0,0
Kebbi,ZURU,6a35d6ee52574004bac51620,House of Assemby election - 2026-06-20 - ZURU,2026-06-19T23:00:00.000Z,TADURGA,09,5f0f3d4c8f77bb3acad0a265,T/DUTSE,21/21/09/005,6a35d6f352574004bac51665,72826,,1781968306441,0,0,0,,0,0,0,,https://inc-s3-cache.incportals.com/cached/express/results/2990/22/468/5325/72130/d7e635f0-44b7-43eb-b027-23ade70a3830.jpg,0,0,0,0,0,0,0,0,0,0,0,0,0,0,0,0,0,0,0,0,0,0
Kebbi,ZURU,6a35d6ee52574004bac51620,House of Assemby election - 2026-06-20 - ZURU,2026-06-19T23:00:00.000Z,TADURGA,09,5f0f3d4c8f77bb3acad0a265,TADURGA FADA,21/21/09/006,6a35d6f352574004bac5166a,72827,,1781968215536,0,0,0,,0,0,0,,https://inc-s3-cache.incportals.com/cached/express/results/2990/22/468/5325/72131/05c61c65-797d-4610-b67d-2b704bd3151b.jpg,0,0,0,0,0,0,0,0,0,0,0,0,0,0,0,0,0,0,0,0,0,0
Kebbi,ZURU,6a35d6ee52574004bac51620,House of Assemby election - 2026-06-20 - ZURU,2026-06-19T23:00:00.000Z,TADURGA,09,5f0f3d4c8f77bb3acad0a265,UNG. HAUSAWA,21/21/09/007,6a35d6f352574004bac51667,72828,,1781968301147,0,0,0,,0,0,0,,https://inc-s3-cache.incportals.com/cached/express/results/2990/22/468/5325/72132/f7244041-4d21-4998-80aa-715250ffbf58.jpg,0,0,0,0,0,0,0,0,0,0,0,0,0,0,0,0,0,0,0,0,0,0
Kebbi,ZURU,6a35d6ee52574004bac51620,House of Assemby election - 2026-06-20 - ZURU,2026-06-19T23:00:00.000Z,TADURGA,09,5f0f3d4c8f77bb3acad0a265,T/GULBI,21/21/09/008,6a35d6f352574004bac5166b,72829,,,0,0,0,,0,0,0,,,0,0,0,0,0,0,0,0,0,0,0,0,0,0,0,0,0,0,0,0,0,0
Kebbi,ZURU,6a35d6ee52574004bac51620,House of Assemby election - 2026-06-20 - ZURU,2026-06-19T23:00:00.000Z,TADURGA,09,5f0f3d4c8f77bb3acad0a265,DIGORO PRIMARY SCHOOL.,21/21/09/009,6a35d6f352574004bac5166e,154373,,,0,0,0,,0,0,0,,,0,0,0,0,0,0,0,0,0,0,0,0,0,0,0,0,0,0,0,0,0,0
Kebbi,ZURU,6a35d6ee52574004bac51620,House of Assemby election - 2026-06-20 - ZURU,2026-06-19T23:00:00.000Z,TADURGA,09,5f0f3d4c8f77bb3acad0a265,G.D.S.S TADURGA,21/21/09/010,6a35d6f352574004bac5166c,154374,,,0,0,0,,0,0,0,,,0,0,0,0,0,0,0,0,0,0,0,0,0,0,0,0,0,0,0,0,0,0
Kebbi,ZURU,6a35d6ee52574004bac51620,House of Assemby election - 2026-06-20 - ZURU,2026-06-19T23:00:00.000Z,TADURGA,09,5f0f3d4c8f77bb3acad0a265,AREA E.O OFFICE.,21/21/09/011,6a35d6f352574004bac5166f,154375,,,0,0,0,,0,0,0,,,0,0,0,0,0,0,0,0,0,0,0,0,0,0,0,0,0,0,0,0,0,0
Kebbi,ZURU,6a35d6ee52574004bac51620,House of Assemby election - 2026-06-20 - ZURU,2026-06-19T23:00:00.000Z,TADURGA,09,5f0f3d4c8f77bb3acad0a265,INDUNGU PRIMARY SCHOOL,21/21/09/012,6a35d6f352574004bac5166d,154376,,,0,0,0,,0,0,0,,,0,0,0,0,0,0,0,0,0,0,0,0,0,0,0,0,0,0,0,0,0,0
Kebbi,ZURU,6a35d6ee52574004bac51620,House of Assemby election - 2026-06-20 - ZURU,2026-06-19T23:00:00.000Z,ZODI,10,5f0f3d4c8f77bb3acad0a266,BOGU MAKERA,21/21/10/001,6a35d6f352574004bac5165c,72830,,,0,0,0,,0,0,0,,,0,0,0,0,0,0,0,0,0,0,0,0,0,0,0,0,0,0,0,0,0,0
Kebbi,ZURU,6a35d6ee52574004bac51620,House of Assemby election - 2026-06-20 - ZURU,2026-06-19T23:00:00.000Z,ZODI,10,5f0f3d4c8f77bb3acad0a266,DEKEINBE/DIGAGO,21/21/10/002,6a35d6f352574004bac51659,72831,,,0,0,0,,0,0,0,,,0,0,0,0,0,0,0,0,0,0,0,0,0,0,0,0,0,0,0,0,0,0
Kebbi,ZURU,6a35d6ee52574004bac51620,House of Assemby election - 2026-06-20 - ZURU,2026-06-19T23:00:00.000Z,ZODI,10,5f0f3d4c8f77bb3acad0a266,GADA/UBANDAWAKI,21/21/10/003,6a35d6f352574004bac5165b,72832,,,0,0,0,,0,0,0,,,0,0,0,0,0,0,0,0,0,0,0,0,0,0,0,0,0,0,0,0,0,0
Kebbi,ZURU,6a35d6ee52574004bac51620,House of Assemby election - 2026-06-20 - ZURU,2026-06-19T23:00:00.000Z,ZODI,10,5f0f3d4c8f77bb3acad0a266,GOMAWA,21/21/10/004,6a35d6f352574004bac5165e,72833,,,0,0,0,,0,0,0,,,0,0,0,0,0,0,0,0,0,0,0,0,0,0,0,0,0,0,0,0,0,0
Kebbi,ZURU,6a35d6ee52574004bac51620,House of Assemby election - 2026-06-20 - ZURU,2026-06-19T23:00:00.000Z,ZODI,10,5f0f3d4c8f77bb3acad0a266,GOBO TAMBARI,21/21/10/005,6a35d6f352574004bac51660,72834,,,0,0,0,,0,0,0,,,0,0,0,0,0,0,0,0,0,0,0,0,0,0,0,0,0,0,0,0,0,0
Kebbi,ZURU,6a35d6ee52574004bac51620,House of Assemby election - 2026-06-20 - ZURU,2026-06-19T23:00:00.000Z,ZODI,10,5f0f3d4c8f77bb3acad0a266,KERI DOGO LOKOMO,21/21/10/006,6a35d6f352574004bac5165d,72835,,,0,0,0,,0,0,0,,,0,0,0,0,0,0,0,0,0,0,0,0,0,0,0,0,0,0,0,0,0,0
Kebbi,ZURU,6a35d6ee52574004bac51620,House of Assemby election - 2026-06-20 - ZURU,2026-06-19T23:00:00.000Z,ZODI,10,5f0f3d4c8f77bb3acad0a266,MARAFA GUDU,21/21/10/007,6a35d6f352574004bac51662,72836,,,0,0,0,,0,0,0,,,0,0,0,0,0,0,0,0,0,0,0,0,0,0,0,0,0,0,0,0,0,0
Kebbi,ZURU,6a35d6ee52574004bac51620,House of Assemby election - 2026-06-20 - ZURU,2026-06-19T23:00:00.000Z,ZODI,10,5f0f3d4c8f77bb3acad0a266,RAFI HITTA,21/21/10/008,6a35d6f352574004bac51661,72837,,,0,0,0,,0,0,0,,,0,0,0,0,0,0,0,0,0,0,0,0,0,0,0,0,0,0,0,0,0,0
Kebbi,ZURU,6a35d6ee52574004bac51620,House of Assemby election - 2026-06-20 - ZURU,2026-06-19T23:00:00.000Z,ZODI,10,5f0f3d4c8f77bb3acad0a266,SALAMA GURAGORI,21/21/10/009,6a35d6f352574004bac51658,72838,,,0,0,0,,0,0,0,,,0,0,0,0,0,0,0,0,0,0,0,0,0,0,0,0,0,0,0,0,0,0
Kebbi,ZURU,6a35d6ee52574004bac51620,House of Assemby election - 2026-06-20 - ZURU,2026-06-19T23:00:00.000Z,ZODI,10,5f0f3d4c8f77bb3acad0a266,KWARGINLA,21/21/10/010,6a35d6f352574004bac5165f,72839,,,0,0,0,,0,0,0,,,0,0,0,0,0,0,0,0,0,0,0,0,0,0,0,0,0,0,0,0,0,0
Kebbi,ZURU,6a35d6ee52574004bac51620,House of Assemby election - 2026-06-20 - ZURU,2026-06-19T23:00:00.000Z,ZODI,10,5f0f3d4c8f77bb3acad0a266,ZODI,21/21/10/011,6a35d6f352574004bac5165a,72840,,,0,0,0,,0,0,0,,,0,0,0,0,0,0,0,0,0,0,0,0,0,0,0,0,0,0,0,0,0,0
Kebbi,ZURU,6a35d6ee52574004bac51620,House of Assemby election - 2026-06-20 - ZURU,2026-06-19T23:00:00.000Z,ZODI,10,5f0f3d4c8f77bb3acad0a266,EDIBI LONGNO,21/21/10/012,6a35d6f352574004bac51663,154377,,,0,0,0,,0,0,0,,,0,0,0,0,0,0,0,0,0,0,0,0,0,0,0,0,0,0,0,0,0,0
